time_of_day,day_of_week,days_since_release,movie_popularity_score
20,6,66,2
22,6,48,6
18,4,73,1
17,2,64,5
17,5,24,9
11,0,20,7
14,1,50,2
13,5,33,1
14,3,33,8
16,2,17,3
16,1,49,4
20,4,42,7
17,2,50,10
15,1,1,4
17,2,31,8
10,3,67,7
10,5,28,9
18,1,34,2
20,2,23,2
12,3,35,4
17,2,89,3
14,2,22,8
17,2,17,7
14,5,66,2
12,0,73,5
13,4,41,10
19,1,37,10
12,3,22,10
17,4,67,9
15,3,87,2
15,3,87,2
9,2,45,1
18,0,18,2
13,1,64,3
11,2,67,8
21,3,45,2
9,1,13,3
15,2,46,2
10,3,40,4
14,2,34,1
21,1,88,5
22,3,31,3
10,6,50,5
14,1,68,1
12,6,81,3
10,6,66,6
15,5,36,1
15,1,21,2
19,4,34,1
17,5,22,5
19,2,58,8
18,1,54,5
18,1,18,5
11,0,83,6
15,5,0,1
15,2,3,2
15,1,71,10
20,0,80,8
19,0,37,8
9,2,78,2
13,0,88,10
11,5,73,4
20,1,75,7
21,3,6,3
19,3,50,6
10,4,89,3
12,6,30,4
18,3,54,6
15,4,67,7
9,4,36,7
22,2,6,2
22,2,42,3
14,0,54,4
14,2,73,1
18,5,37,8
20,6,15,7
12,3,84,6
9,0,88,10
22,3,4,7
18,5,72,9
12,0,10,9
19,1,29,4
20,0,22,2
21,0,59,7
12,2,34,6
11,2,53,7
19,5,61,2
19,2,21,10
13,1,18,5
22,5,53,1
9,5,7,9
19,4,87,10
22,1,53,10
20,4,19,8
11,0,75,10
18,4,58,9
10,3,0,1
9,0,14,3
20,6,2,6
14,5,8,8
19,3,45,8
12,1,69,5
13,6,8,4
20,0,32,9
21,0,52,10
14,5,53,5
11,2,86,6
10,4,57,1
22,0,70,7
17,4,79,10
22,2,84,1
15,0,86,3
17,4,33,4
15,3,35,10
12,0,66,2
19,4,38,6
16,3,0,7
18,0,53,6
17,6,80,6
14,4,25,3
20,3,15,1
18,5,18,7
12,0,32,3
9,2,46,5
15,6,25,10
20,0,32,2
11,2,83,3
9,5,36,5
15,6,28,5
20,1,76,10
19,2,31,5
15,3,56,2
17,3,66,2
14,2,53,10
18,5,71,9
12,3,27,4
20,6,54,8
15,3,28,8
9,3,54,1
11,3,43,9
18,1,60,3
19,3,68,10
16,6,56,7
12,6,87,3
19,6,22,7
17,0,55,10
14,6,35,5
17,5,82,4
17,5,20,10
9,3,59,5
16,4,30,3
11,3,60,7
15,1,12,10
11,6,23,2
22,1,48,2
13,2,16,10
21,2,8,3
17,5,4,10
12,2,27,2
21,1,17,2
15,4,51,6
15,5,54,4
17,3,27,9
11,6,24,6
21,4,40,7
11,0,24,4
14,0,38,9
20,2,4,5
22,1,16,8
15,6,80,5
18,4,86,2
12,6,54,3
16,2,89,1
21,5,19,7
9,3,88,1
10,6,12,1
15,6,2,10
13,5,59,3
19,2,85,9
22,3,12,2
14,1,67,1
11,5,64,3
13,2,6,10
12,3,23,10
12,6,18,1
10,2,26,7
19,0,33,5
21,6,62,6
16,4,43,8
9,3,5,1
19,2,23,6
21,5,61,2
17,6,75,6
16,3,84,5
12,4,72,3
16,6,88,8
16,3,66,8
15,1,9,2
22,1,58,10
15,6,72,2
18,1,84,3
18,0,14,6
11,0,27,3
16,5,19,4
21,3,72,2
14,3,75,5
22,2,58,2
17,2,4,3
21,4,15,7
13,0,53,9
9,1,27,10
10,6,82,7
21,1,15,10
16,5,65,5
20,0,35,6
20,0,62,4
19,0,18,5
20,3,32,1
11,2,71,6
21,1,62,4
20,1,9,9
17,5,42,5
20,1,30,2
12,0,76,8
19,0,13,7
16,4,44,9
12,6,3,9
9,6,31,4
13,6,42,3
22,1,21,9
10,4,63,5
12,1,7,9
22,3,81,8
11,1,56,7
20,2,17,8
11,3,77,7
21,5,40,10
22,5,0,2
10,3,18,9
11,3,51,10
20,4,81,2
11,6,32,9
13,2,11,9
10,3,3,3
16,0,87,1
10,5,36,2
15,5,14,7
13,0,39,1
17,6,36,6
21,4,42,6
10,3,18,10
14,1,2,2
16,5,22,10
10,6,31,6
18,6,65,8
12,2,11,10
11,5,44,1
16,4,9,10
16,3,61,2
11,4,11,9
10,4,78,3
16,0,21,7
10,6,72,9
19,6,47,8
19,5,71,6
10,5,28,5
13,1,10,6
17,1,2,2
17,1,52,10
12,5,29,5
9,6,67,5
12,5,50,6
18,5,68,1
22,3,32,2
19,0,67,4
17,2,85,1
18,2,4,1
22,5,41,2
15,1,65,10
10,5,18,7
16,3,74,10
15,3,66,5
19,6,23,10
21,0,34,2
15,4,56,1
10,5,22,4
15,2,30,1
11,6,33,8
20,5,80,2
22,2,33,2
14,4,79,10
16,5,37,6
22,4,6,3
10,4,13,3
12,1,78,4
14,0,44,7
19,5,50,10
15,5,81,8
15,6,34,8
12,4,52,1
13,0,73,5
20,3,5,7
20,2,64,6
15,4,76,8
18,2,0,8
16,3,48,4
18,3,53,4
17,3,6,2
15,0,12,7
13,1,51,9
21,1,40,9
15,1,66,9
18,6,75,1
9,3,9,4
18,6,8,4
22,4,11,6
19,3,41,5
12,6,67,5
12,1,86,4
16,6,51,10
15,6,51,2
15,5,88,2
22,2,42,5
14,5,42,1
18,6,73,2
22,5,16,2
20,5,85,5
10,6,5,3
21,4,50,4
14,6,18,3
13,1,62,7
10,6,58,4
20,6,58,8
22,2,69,7
12,0,5,5
19,0,8,10
14,5,16,7
10,5,82,9
11,3,76,2
11,5,89,3
12,6,85,9
21,0,1,6
21,6,82,9
22,1,32,5
9,0,42,1
12,3,75,10
10,6,41,10
11,1,12,9
9,5,18,3
11,4,78,3
17,0,64,4
12,0,68,2
15,0,63,7
13,3,19,3
21,0,53,4
15,5,29,4
18,4,62,6
17,6,24,5
13,5,61,6
10,3,71,3
9,6,48,3
16,5,9,1
11,6,39,2
12,1,88,4
14,0,7,5
16,1,40,7
22,6,80,8
20,3,69,8
21,0,21,7
19,4,36,9
11,1,61,1
21,1,26,10
11,6,2,3
12,1,12,3
14,1,50,2
16,1,70,10
10,6,46,8
15,2,83,1
18,3,53,5
14,3,38,6
21,1,80,4
12,2,86,9
17,5,29,9
14,4,59,10
9,6,43,5
22,5,1,10
20,6,24,1
13,4,63,9
11,4,16,1
21,6,18,5
16,0,16,1
19,2,31,9
22,2,60,3
18,0,81,1
13,5,84,4
10,2,41,4
15,2,47,1
22,2,23,3
9,4,81,2
18,4,49,9
14,3,70,2
14,4,50,7
22,3,61,1
15,0,9,4
13,3,57,8
16,4,24,1
22,3,30,7
12,5,1,8
20,0,88,4
10,2,46,8
13,4,50,4
18,1,72,5
19,1,48,2
13,6,53,9
14,2,61,6
13,3,44,1
14,6,49,10
11,1,59,2
17,2,83,10
17,4,29,4
14,4,88,1
9,5,84,10
22,0,31,3
10,4,66,7
14,3,2,4
11,1,4,6
12,4,66,5
10,3,31,9
16,1,47,10
19,2,19,10
16,2,51,10
22,6,54,3
14,3,16,6
12,3,65,5
15,3,45,9
12,1,83,4
20,6,58,10
13,4,0,1
16,3,4,10
20,2,44,3
9,1,66,8
16,3,24,3
16,6,75,8
16,5,51,7
13,2,82,9
15,3,82,7
21,1,67,10
22,5,66,1
12,4,26,1
13,3,7,9
17,1,88,10
13,1,16,10
19,0,1,8
20,2,46,6
14,5,48,8
10,0,63,6
10,2,58,8
22,4,52,3
9,1,87,8
12,1,44,5
13,4,4,6
18,0,36,7
10,1,19,3
14,2,25,8
10,4,37,7
18,1,27,6
18,6,87,10
17,5,16,8
18,1,18,6
9,1,49,4
16,6,68,9
18,6,6,2
9,3,56,10
22,5,47,3
16,4,80,5
13,1,10,4
14,1,72,6
9,3,19,2
16,0,30,2
11,2,89,10
14,6,8,8
14,6,72,9
10,2,11,9
13,6,41,6
9,1,66,6
22,5,7,10
9,5,39,7
14,5,45,6
19,3,13,3
20,6,88,9
12,0,2,3
19,6,48,1
9,2,45,10
14,6,38,6
22,0,61,8
9,6,14,7
21,2,24,8
14,0,1,10
13,4,1,6
13,6,67,7
11,1,19,2
10,4,20,9
18,1,7,1
16,5,11,4
21,0,67,8
10,6,76,1
19,0,60,2
15,1,6,3
15,5,79,1
16,6,72,10
15,5,46,1
10,0,36,2
9,3,9,2
15,5,47,5
17,6,27,9
14,6,8,8
21,5,30,2
15,5,18,4
20,2,78,5
15,4,89,9
15,2,46,1
16,0,21,2
16,6,58,2
12,1,7,5
17,6,5,3
21,1,70,9
19,5,19,1
21,4,12,2
17,0,53,6
9,4,57,4
13,1,45,6
18,6,18,2
14,5,25,8
20,3,84,3
21,6,64,1
12,0,28,7
22,3,72,8
21,5,44,6
17,5,83,6
13,4,44,10
15,2,51,3
18,4,27,10
19,5,86,1
19,3,64,2
20,2,67,3
9,5,71,5
9,0,76,9
21,3,66,8
15,4,84,5
16,1,58,8
21,4,29,5
16,2,65,1
20,4,14,6
15,5,37,6
10,1,22,8
9,1,65,9
20,2,20,5
9,2,45,4
21,6,15,3
17,2,11,4
21,6,74,8
10,3,73,8
12,6,40,4
22,5,6,7
13,5,70,6
17,6,62,1
17,4,14,2
10,4,29,1
16,3,4,2
14,4,39,4
15,0,50,5
13,6,68,8
9,2,33,1
14,2,36,2
13,5,61,9
18,5,11,4
15,5,62,4
22,4,54,8
9,1,31,6
13,4,37,3
9,3,69,6
22,2,74,1
10,2,74,6
22,6,82,10
21,1,49,4
12,6,25,10
14,0,77,1
19,4,25,8
12,1,87,7
17,0,60,6
15,1,15,1
10,3,53,7
19,4,71,6
15,2,74,10
11,5,12,1
18,6,16,5
15,1,39,7
19,4,16,10
17,5,82,6
13,2,66,3
9,0,31,4
16,2,10,4
15,5,73,9
13,0,67,5
21,6,73,7
18,3,56,7
19,2,85,4
11,1,40,1
12,3,65,2
14,0,38,2
18,0,43,2
17,4,84,9
21,1,11,5
22,1,1,5
9,1,56,10
11,5,31,10
22,4,49,4
22,3,75,1
17,5,46,4
12,2,63,4
12,0,62,5
19,5,45,6
13,6,84,6
17,1,20,2
18,6,62,2
12,2,64,9
21,5,29,10
10,6,14,7
18,0,63,10
15,4,57,10
12,6,19,1
18,4,51,7
12,4,73,6
14,5,20,5
20,6,25,4
14,1,45,6
15,2,51,1
10,5,61,9
20,0,33,8
13,5,69,3
16,6,23,4
16,0,24,1
17,1,4,10
22,1,62,6
13,2,66,4
17,4,57,5
18,0,37,3
22,0,61,4
18,4,35,2
19,5,67,1
20,4,35,5
10,4,65,4
9,4,18,9
13,1,31,3
17,4,74,6
20,1,36,10
15,0,60,8
14,2,27,4
18,6,65,4
9,3,68,7
11,2,80,10
20,6,57,6
14,0,33,3
16,3,12,2
20,4,6,3
20,3,68,5
16,2,34,4
22,4,43,4
16,4,31,4
17,3,15,2
12,0,77,2
9,0,78,9
19,0,7,1
18,5,37,6
19,3,36,7
15,1,2,7
14,3,71,2
18,4,85,5
10,0,37,7
20,1,71,9
10,6,6,9
11,4,88,7
11,5,89,7
13,1,74,10
9,3,11,1
17,6,4,4
18,1,18,1
14,3,32,2
20,0,67,4
20,6,28,2
14,6,23,6
13,6,13,3
9,1,19,3
9,0,31,3
10,5,3,3
18,5,54,7
22,2,19,8
17,0,15,2
9,4,27,5
22,0,55,10
9,1,0,9
15,4,14,8
14,1,50,7
13,1,82,8
10,2,17,8
15,4,73,7
19,3,0,5
17,2,30,10
16,5,48,7
12,3,56,9
12,3,28,1
11,2,55,9
11,0,16,9
13,0,61,8
13,5,10,10
15,0,70,7
15,6,41,10
19,5,17,2
9,4,58,10
13,0,85,10
19,5,75,4
13,4,17,4
14,0,2,5
16,1,38,10
20,2,31,8
12,1,85,2
9,5,78,10
11,1,59,2
15,1,8,10
12,5,45,8
18,5,72,2
18,4,17,10
18,4,16,5
22,5,9,6
11,3,28,10
15,3,83,1
14,4,48,3
19,6,3,9
9,1,49,7
16,5,12,5
13,2,36,8
10,2,29,8
17,0,14,5
15,2,41,7
12,6,44,3
19,3,42,2
10,5,25,8
16,3,28,3
21,0,16,2
16,1,44,2
13,0,28,1
12,5,21,1
14,0,78,7
11,3,67,8
22,3,44,4
12,2,73,10
14,5,25,2
12,0,60,4
19,2,48,8
10,4,41,10
14,3,44,9
13,4,67,7
14,6,33,4
10,0,36,4
13,1,46,7
16,0,67,7
16,1,3,5
11,2,29,4
19,1,13,3
12,2,35,10
19,4,88,7
9,3,85,7
12,0,38,9
15,5,38,5
14,4,2,5
10,5,61,4
18,5,9,7
13,1,87,7
15,6,15,5
21,4,50,6
14,1,42,9
19,3,68,6
14,0,0,2
21,2,14,1
12,3,73,7
22,4,29,4
17,5,33,3
16,4,37,1
13,3,48,3
15,5,15,8
11,6,46,5
16,3,1,8
13,5,81,10
13,1,25,4
12,1,9,2
13,3,75,2
19,4,68,10
14,2,43,4
18,1,35,8
18,5,24,2
9,0,56,2
13,0,7,2
19,0,51,2
10,3,32,6
13,5,69,5
9,0,17,8
17,2,77,2
19,1,48,8
16,0,38,9
11,6,31,1
9,5,24,1
20,6,73,1
21,4,0,10
14,1,5,3
19,4,27,3
12,1,41,7
13,5,30,10
9,4,56,10
21,0,78,9
17,1,31,3
19,5,48,5
9,0,12,5
15,6,23,2
10,5,81,9
20,0,61,1
21,6,69,4
11,4,66,3
12,6,3,1
15,3,67,7
22,0,18,10
10,3,47,3
12,6,5,6
15,0,50,3
13,0,40,8
13,0,76,10
21,0,34,2
16,1,62,3
13,2,68,6
9,5,40,6
14,1,4,8
19,3,78,1
18,1,35,9
14,2,64,10
22,2,31,5
15,6,56,7
15,4,69,9
10,2,32,5
10,4,48,4
21,1,14,2
14,1,60,7
17,6,19,1
13,1,19,2
13,3,63,5
22,0,39,9
14,5,50,6
22,0,86,5
10,3,37,4
14,3,82,3
13,4,77,6
19,3,70,2
17,5,61,7
9,4,14,5
10,5,35,7
19,6,65,10
11,1,69,1
9,4,24,9
21,3,3,8
16,2,60,7
11,1,76,7
17,3,45,1
16,3,42,8
22,6,27,4
16,2,42,1
14,4,70,2
14,1,7,7
13,3,87,9
13,1,33,10
22,0,43,1
16,5,67,10
17,6,53,7
12,1,11,10
21,3,74,3
22,4,41,4
22,4,66,7
9,2,6,3
12,5,15,8
16,2,27,5
20,1,22,10
21,2,7,4
14,3,0,10
20,2,17,7
21,0,24,9
19,3,80,10
16,3,87,1
13,4,4,2
19,6,8,4
18,4,33,5
17,5,0,3
13,0,73,4
18,3,36,1
21,1,68,3
13,1,11,3
18,2,42,3
11,3,83,4
19,4,65,2
20,2,70,2
12,6,25,5
13,1,68,7
22,6,57,10
12,1,87,8
13,1,73,4
16,6,13,2
9,3,56,9
11,2,66,10
13,1,15,5
17,4,10,9
12,6,5,6
15,0,57,3
18,4,38,7
13,4,61,6
17,0,51,3
11,3,44,1
10,4,55,2
13,2,26,5
11,1,66,10
11,2,88,6
20,4,2,10
22,2,38,2
10,6,41,8
20,2,1,9
14,3,26,4
14,3,52,2
20,6,85,5
14,4,41,4
22,3,38,6
15,6,80,6
15,6,83,3
17,2,39,7
21,4,47,5
11,5,0,8
19,5,29,4
18,3,11,10
9,1,33,1
10,5,78,10
15,6,67,10
16,1,67,3
19,1,3,8
16,0,9,10
9,5,60,5
15,2,72,10
11,4,82,1
14,5,46,3
14,2,80,7
12,2,73,2
19,3,40,6
17,6,60,6
9,3,80,1
10,6,8,10
18,1,71,2
20,3,0,5
18,5,30,8
12,5,49,4
11,5,80,10
16,2,10,9
18,5,23,1
19,0,82,2
10,5,38,9
14,1,13,7
15,1,62,7
21,4,87,1
20,6,24,1
10,0,31,8
20,3,10,8
9,4,75,5
15,6,72,8
10,4,1,1
20,2,18,6
9,0,73,6
10,3,39,1
21,0,14,8
15,4,35,9
13,0,36,8
13,1,36,6
13,1,25,10
19,3,62,4
19,1,34,5
19,5,31,10
16,3,0,1
18,4,45,8
13,1,12,1
20,4,67,2
14,6,78,8
13,0,60,1
18,1,36,8
17,5,89,10
22,4,52,4
19,1,43,2
22,2,34,2
16,5,68,9
13,2,50,5
19,6,29,7
11,2,56,6
18,2,21,10
15,0,61,7
20,3,28,6
14,4,17,8
9,5,59,9
12,2,73,2
9,6,13,8
13,3,45,7
14,3,75,8
10,2,60,3
16,2,30,4
20,1,52,4
9,3,4,7
14,2,85,8
21,2,44,1
20,0,15,10
18,0,42,8
20,4,57,7
22,2,49,3
22,4,48,7
15,4,12,9
21,0,75,1
15,6,16,8
17,2,25,7
17,2,52,4
17,6,50,6
15,1,77,4
10,3,65,1
18,1,8,7
22,2,85,7
19,6,42,8
12,3,84,9
17,4,31,1
15,5,73,2
21,5,21,9
20,5,85,7
17,5,44,4
22,3,36,5
21,5,63,1
16,0,35,9
17,4,85,6
12,5,65,9
15,0,57,5
17,1,35,4
20,2,71,8
16,3,31,10
19,1,0,2
19,4,35,8
20,4,27,4
13,6,81,2
20,0,22,6
20,2,10,3
15,3,12,5
16,2,73,2
15,4,7,1
9,3,53,9
9,3,83,9
22,4,56,8
13,1,74,1
10,3,74,3
15,1,29,10
9,5,57,5
14,6,18,7
21,2,60,6
20,0,8,9
14,5,74,8
21,1,13,8
11,0,1,10
21,1,30,4
11,3,43,5
10,2,20,8
10,0,51,6
13,5,65,9
13,0,41,10
18,0,16,9
22,6,40,2
18,0,77,8
9,1,39,6
12,2,22,2
14,3,67,1
12,3,82,4
13,5,31,5
9,0,56,6
15,5,48,10
14,2,48,3
22,3,79,10
11,3,72,4
21,0,58,4
16,2,88,1
15,3,78,5
22,4,60,7
18,4,9,5
9,6,39,8
19,0,41,2
13,5,14,7
21,3,32,6
18,6,59,10
14,1,87,3
13,0,6,8
10,0,58,7
15,5,73,7
17,2,69,6
17,0,77,3
14,4,68,8
20,1,61,9
22,5,27,7
13,5,23,6
18,5,59,4
17,5,41,9
9,5,16,10
21,4,84,10
19,2,26,10
16,1,76,3
13,2,77,8
10,4,68,3
21,1,89,3
10,4,46,2
22,2,50,1
16,4,6,9
13,3,67,9
15,1,87,3
13,1,4,5
13,2,9,1
18,6,86,1
17,2,14,4
19,0,50,8
13,6,79,10
15,6,16,1
16,2,13,5
16,4,78,2
16,3,38,5
16,3,49,8
12,4,20,5
11,6,0,9
10,6,4,10
22,5,80,7
20,5,45,9
13,0,8,8
16,5,67,8
15,1,26,10
22,1,42,8
11,6,28,3
10,3,19,2
17,1,38,3
15,2,14,10
17,3,5,5
22,6,67,7
11,2,75,1
19,6,13,1
9,2,32,9
10,1,71,6
20,4,38,1
14,2,55,3
13,3,18,3
21,2,3,4
9,3,32,8
20,6,29,2
16,6,34,6
20,4,89,10
15,2,53,7
16,6,78,2
11,1,82,7
10,1,25,6
10,2,51,5
21,6,24,10
19,5,46,6
18,0,60,2
20,1,55,9
22,1,29,2
13,6,69,5
21,0,71,4
11,5,11,2
9,4,77,5
10,4,88,9
15,6,70,10
10,2,80,6
12,1,65,4
12,6,32,9
13,0,31,3
11,4,18,6
18,4,20,2
18,3,39,9
18,3,33,8
20,0,88,1
13,5,30,7
16,4,83,7
10,2,33,8
21,3,83,7
18,4,13,1
16,1,22,7
17,3,24,2
12,5,75,8
11,4,73,4
21,3,50,6
16,3,18,9
15,2,24,4
16,1,78,3
17,5,74,5
10,6,75,2
13,3,19,4
16,5,53,10
17,2,35,3
21,0,80,8
14,2,80,9
14,1,32,2
14,6,4,7
15,3,5,4
12,4,15,1
21,0,55,3
15,0,64,3
15,2,64,6
20,5,34,1
16,0,16,3
17,2,9,2
16,2,7,9
9,1,76,6
14,6,8,6
18,4,26,10
20,4,6,5
15,4,69,2
11,2,7,4
12,0,61,10
20,5,24,7
12,6,1,1
10,0,81,1
20,0,42,9
16,4,10,7
16,3,46,10
16,3,12,8
22,1,66,1
16,3,31,2
19,1,13,2
19,4,37,6
20,2,89,3
13,0,51,7
12,6,70,5
15,3,75,2
20,5,44,10
12,0,40,1
15,1,8,2
9,6,37,6
22,2,16,2
13,4,29,7
17,0,23,5
13,0,25,8
12,3,5,8
19,5,76,10
16,3,66,7
14,2,14,8
17,4,5,7
15,6,29,1
20,4,60,6
21,1,65,2
14,6,64,1
15,5,57,5
20,3,66,4
9,6,78,5
12,6,79,5
20,0,31,7
18,6,6,10
18,5,68,10
15,5,6,10
20,0,13,4
18,2,82,5
10,0,31,10
21,3,83,1
16,5,20,8
10,3,49,3
18,4,51,10
21,1,45,5
16,5,6,4
13,3,2,6
11,1,84,9
21,4,36,6
16,0,53,2
9,1,2,6
13,2,1,8
11,0,53,8
15,4,62,1
20,3,78,4
17,5,31,6
16,6,43,10
20,2,16,6
21,6,10,3
11,1,15,4
11,4,41,2
18,5,32,10
16,2,69,7
12,1,33,10
20,6,21,3
13,6,33,1
15,1,47,10
21,1,44,8
21,6,8,9
12,6,54,1
22,2,16,5
15,1,70,9
10,5,56,1
19,1,45,8
20,1,28,1
10,2,31,2
12,0,88,6
18,0,6,2
22,4,84,3
14,5,82,6
14,4,15,9
18,6,39,7
21,0,4,6
12,4,75,10
16,5,10,10
20,0,70,10
10,5,38,2
12,0,10,6
16,6,39,1
18,5,50,7
17,2,49,2
14,6,16,9
13,2,30,2
21,2,15,9
19,4,3,5
14,6,16,4
17,1,58,2
16,4,80,10
15,6,54,1
13,0,75,7
14,1,72,5
20,2,88,1
16,4,33,4
21,3,70,4
20,4,43,3
15,6,0,1
11,0,8,4
13,3,12,7
20,2,54,2
21,2,88,1
19,3,23,4
17,1,50,5
21,1,70,10
20,5,25,7
17,1,17,3
19,3,19,3
16,5,81,9
13,3,6,2
17,1,88,5
14,6,68,2
16,5,73,10
12,3,32,5
15,3,43,9
19,0,82,9
10,1,50,4
12,1,23,3
19,1,1,8
13,4,79,8
12,5,82,7
20,4,54,5
15,3,8,7
20,3,25,7
21,4,84,1
14,4,76,3
19,6,28,5
18,2,72,9
11,2,4,7
15,2,64,2
12,2,30,3
16,4,2,2
21,6,58,3
15,3,50,4
22,1,16,8
21,6,46,3
16,0,11,3
20,6,44,5
21,4,21,9
12,5,25,4
11,5,44,3
15,3,88,6
19,5,0,6
12,6,76,2
15,5,25,5
13,4,42,9
22,2,50,2
19,1,72,9
15,0,39,3
15,2,41,8
22,1,80,10
10,5,34,5
16,0,0,2
13,4,9,6
19,2,20,2
15,5,65,5
11,5,48,1
11,5,21,4
14,5,50,2
15,5,13,10
20,1,13,6
22,0,63,6
12,4,50,6
13,6,7,3
12,1,11,7
13,1,11,3
15,5,35,8
10,2,7,2
22,0,73,10
17,4,20,2
21,5,60,6
20,4,37,4
21,0,50,10
14,3,1,9
15,0,18,8
12,5,32,2
19,2,38,2
22,2,55,5
20,4,11,7
14,3,50,4
20,0,66,3
20,2,45,8
11,1,40,8
14,6,23,8
9,3,68,1
11,4,34,2
15,2,56,6
10,0,45,2
13,1,87,7
17,6,54,3
17,1,86,5
13,2,57,4
15,2,3,4
21,5,55,1
22,2,62,8
20,1,14,6
14,3,28,10
22,5,80,7
17,2,68,6
14,1,22,10
20,4,8,8
15,5,0,2
9,4,85,4
15,5,67,5
12,5,51,6
10,1,31,9
10,6,5,1
12,6,23,6
21,6,30,4
18,4,87,3
9,5,1,2
17,0,0,6
13,3,82,1
17,2,83,4
10,6,82,1
9,2,87,5
20,0,59,1
20,4,86,2
18,3,68,8
21,5,32,7
15,5,83,3
22,6,89,5
15,4,26,2
20,3,4,9
18,0,37,1
14,6,86,3
17,5,18,9
16,2,89,1
14,2,84,5
18,2,18,7
15,5,29,9
16,2,33,3
16,0,81,7
12,2,69,3
16,1,30,1
21,2,75,1
17,0,30,9
9,2,48,6
21,3,69,10
22,6,23,9
16,2,51,10
20,0,10,10
19,1,28,9
13,0,79,6
13,0,50,8
10,0,33,1
17,2,61,4
17,3,44,5
14,5,18,9
21,4,17,7
20,3,8,2
12,1,40,6
21,2,82,2
13,3,30,9
11,3,76,6
9,0,42,6
17,4,38,7
18,1,39,7
14,5,73,6
18,6,77,2
17,2,62,8
9,4,79,1
9,4,28,7
19,5,43,4
20,2,0,4
13,3,88,10
20,2,38,6
20,5,18,8
20,6,17,8
14,2,31,4
15,5,62,6
19,4,19,4
16,2,39,9
16,1,38,9
15,0,60,1
20,4,71,6
9,4,8,7
11,5,11,9
19,3,4,1
17,3,26,8
20,1,13,3
14,6,14,1
14,0,46,2
19,5,65,8
21,5,24,8
14,0,83,2
10,0,30,6
12,4,12,9
22,5,64,7
15,1,73,1
18,1,45,2
13,2,53,8
17,1,85,3
9,0,53,6
13,2,14,10
12,2,24,2
17,5,40,1
10,3,12,9
16,5,58,10
12,0,60,1
10,4,31,8
14,6,47,6
15,5,1,2
20,2,67,3
10,4,18,3
12,2,13,5
13,3,56,8
11,2,2,7
15,0,63,1
12,6,0,1
17,6,23,3
9,6,80,10
12,3,48,7
17,1,51,5
21,4,43,6
16,0,74,5
12,4,5,10
19,2,13,6
21,3,80,2
15,2,35,3
9,3,21,2
21,6,2,8
20,3,83,2
10,5,51,2
16,2,28,1
15,0,38,10
14,1,0,8
20,6,69,5
9,6,35,10
14,3,54,1
16,2,86,6
9,2,8,3
16,2,28,7
9,5,26,7
13,0,50,10
20,5,69,5
11,5,69,6
20,0,58,9
12,5,11,4
11,3,16,5
13,1,18,7
18,1,9,1
10,6,83,4
12,1,52,10
20,2,32,10
20,4,30,8
12,3,46,5
19,5,60,6
16,0,68,9
15,5,66,1
19,3,18,5
16,4,68,9
15,6,46,2
20,2,30,6
19,2,71,9
12,2,3,8
21,2,81,6
13,0,83,8
15,2,37,8
12,4,30,8
9,0,81,10
11,2,87,6
15,6,9,1
14,6,68,6
17,4,85,7
12,4,59,10
10,3,11,4
16,3,4,2
13,5,27,3
18,5,82,2
10,1,26,9
13,6,40,2
11,1,15,3
22,3,12,1
18,4,70,6
13,2,2,2
18,5,19,6
20,1,16,4
22,6,55,8
9,5,19,2
20,1,39,5
10,1,83,2
19,0,71,6
14,2,18,9
12,2,81,8
15,5,14,3
17,3,36,4
18,6,73,7
22,4,23,5
9,0,72,9
21,6,41,6
14,2,36,4
18,5,2,4
22,4,31,8
12,4,3,9
10,5,72,5
12,4,74,7
19,6,35,3
11,2,38,5
16,2,3,6
17,5,72,10
19,0,51,8
19,0,52,6
18,1,35,3
20,5,66,3
22,4,56,10
20,5,14,9
22,2,70,4
17,6,54,2
10,1,30,4
10,2,21,3
17,1,86,6
21,6,20,5
21,5,76,6
19,0,89,6
13,6,12,6
15,4,84,9
22,1,10,9
14,6,24,6
16,2,73,8
11,3,24,4
14,1,31,10
9,5,71,9
18,5,13,5
16,3,31,9
13,4,88,1
22,0,79,7
15,0,14,2
17,3,0,5
14,3,58,7
20,6,70,2
11,2,66,10
13,2,34,1
16,2,36,2
20,1,71,3
10,6,82,3
10,3,47,10
22,5,6,10
19,4,17,4
21,6,50,4
15,1,41,3
12,1,62,3
19,3,33,6
12,5,47,7
17,5,12,8
11,2,56,8
16,5,42,8
9,6,62,1
17,0,59,10
16,0,45,7
14,4,66,3
15,0,19,8
20,2,0,10
13,3,13,6
12,2,85,6
9,4,75,4
10,2,85,8
14,5,40,7
15,0,6,10
13,3,54,8
14,4,80,7
14,2,66,1
13,2,29,8
14,4,19,6
11,1,66,9
9,5,25,8
22,2,80,2
10,6,0,8
18,5,50,2
19,4,59,3
22,6,53,7
14,3,35,9
16,6,69,3
16,6,30,8
19,5,29,2
22,6,75,3
20,0,84,4
14,5,62,9
13,6,16,6
13,1,80,2
13,0,74,9
14,6,76,1
13,6,47,10
17,2,71,2
17,1,56,8
13,5,81,9
17,3,28,10
17,6,4,8
19,0,21,6
12,5,43,8
19,2,43,3
17,6,72,3
16,5,0,3
18,2,24,1
18,1,68,9
20,0,43,6
14,4,17,1
11,5,26,1
20,0,18,4
22,5,75,8
11,4,49,1
15,0,61,5
10,4,71,7
12,2,81,7
13,4,81,3
12,4,65,9
13,1,60,10
14,0,44,8
11,1,22,7
22,6,54,6
18,0,34,8
10,3,13,10
13,0,81,9
19,4,87,1
13,3,39,6
11,6,57,10
21,4,65,7
15,2,87,2
21,0,67,10
19,1,26,1
10,0,67,5
17,0,16,6
19,5,31,9
18,5,32,9
22,6,60,7
12,2,87,4
10,3,2,9
11,0,34,7
19,1,25,6
10,4,20,3
15,1,84,6
12,2,40,10
17,0,31,8
18,0,8,10
10,3,67,5
19,6,0,7
11,6,6,9
17,0,24,3
19,6,41,9
12,2,60,6
18,0,72,2
19,0,81,9
15,0,83,7
13,2,56,2
13,5,9,1
10,1,64,3
19,5,61,2
9,2,26,4
13,4,54,10
21,1,88,8
17,2,52,10
10,3,69,4
16,1,89,6
21,3,12,10
19,3,49,10
17,4,0,5
19,0,74,5
13,2,83,4
15,6,11,10
10,2,44,8
21,2,20,10
18,2,1,1
17,4,46,9
9,3,67,3
12,3,15,6
15,5,82,4
10,2,58,3
12,3,50,9
19,4,31,6
9,4,3,1
12,3,81,4
10,5,50,4
12,2,69,7
18,5,74,4
18,3,58,10
13,4,10,6
13,6,14,9
17,2,27,9
11,3,9,2
15,5,68,5
15,4,86,9
16,3,36,5
17,1,56,10
10,2,30,8
22,6,41,6
22,2,54,8
11,1,30,4
17,3,54,8
19,2,80,10
20,5,69,4
21,1,64,7
21,0,45,4
21,1,2,5
13,2,77,9
20,5,2,1
17,5,26,8
15,6,47,5
19,4,78,7
21,6,55,5
16,5,38,8
13,3,53,1
9,0,26,5
20,4,69,2
18,3,11,3
21,4,57,9
14,2,17,8
15,2,4,4
13,6,86,2
19,3,23,3
12,5,88,9
13,4,68,1
13,0,48,7
12,2,4,5
20,6,39,4
14,6,14,4
18,1,6,7
17,1,57,5
19,3,47,4
18,2,29,8
16,1,18,7
17,2,28,5
12,6,49,8
16,5,29,2
22,1,40,2
18,4,58,8
20,0,47,7
16,1,0,9
14,5,72,2
22,4,51,7
17,0,63,1
20,0,41,1
15,0,78,6
18,1,50,6
21,1,81,1
22,1,35,8
22,2,85,10
14,5,36,6
9,6,31,10
10,1,82,10
12,0,26,8
9,1,8,4
9,5,63,4
20,5,1,2
18,4,4,4
14,6,39,4
17,6,50,7
13,2,25,10
15,4,24,1
18,5,47,5
9,6,12,7
21,5,61,1
18,4,31,5
18,6,89,9
13,3,7,6
16,6,20,3
14,5,27,3
18,2,49,9
21,6,32,9
9,0,83,9
15,0,49,10
10,0,19,10
16,2,3,1
12,3,59,8
13,4,70,6
22,6,60,8
19,1,26,4
21,1,60,10
12,3,61,3
10,0,70,4
16,5,46,5
19,1,51,2
16,3,45,6
19,2,22,3
11,3,75,3
16,4,72,7
22,6,84,1
11,2,11,5
12,3,10,10
16,6,70,1
10,2,20,10
9,1,43,3
10,0,27,2
22,6,10,5
12,6,21,6
17,4,81,3
20,2,85,5
14,6,51,10
21,5,68,3
16,4,12,10
10,3,43,9
17,1,26,3
22,5,43,5
16,3,83,9
21,1,32,7
20,2,71,6
16,3,0,8
14,1,43,1
18,3,44,3
16,6,4,10
15,5,63,5
16,5,2,4
18,6,25,6
20,4,8,10
21,3,85,8
18,1,32,6
18,1,7,1
20,2,22,8
21,0,19,7
12,1,36,3
20,4,18,1
20,5,22,5
9,1,49,4
14,6,13,10
12,3,39,8
19,1,65,8
14,6,13,4
22,3,66,8
13,0,52,3
21,1,21,4
11,1,22,8
15,1,41,2
21,3,44,8
14,2,4,5
10,1,44,4
12,2,10,6
18,6,86,2
16,5,19,8
17,2,41,3
18,4,62,6
17,0,60,3
17,2,13,10
9,3,47,8
10,3,16,4
10,3,49,8
16,1,9,8
22,0,25,5
11,4,0,6
12,5,4,8
21,1,14,7
11,1,54,6
12,3,25,8
21,2,31,7
10,0,83,2
15,1,41,10
16,1,5,7
19,5,35,1
19,2,73,5
12,0,19,4
21,1,58,7
9,3,60,4
17,0,47,8
15,3,28,4
11,5,27,6
16,4,19,3
15,4,19,3
16,6,67,9
13,4,89,4
19,5,84,2
14,2,29,2
9,6,59,2
10,5,46,4
19,6,57,10
19,4,33,4
17,3,41,2
15,3,40,10
18,3,71,6
22,3,84,5
14,4,57,5
16,6,87,4
22,2,85,4
20,3,86,8
21,3,54,6
21,1,51,8
19,5,16,8
13,3,46,10
14,2,0,5
20,4,4,3
21,3,47,1
12,2,13,8
12,1,28,4
13,4,23,8
15,6,79,10
17,0,23,7
21,1,25,2
22,2,86,7
15,1,46,8
10,3,34,10
10,1,87,1
21,1,19,10
14,3,83,3
12,6,79,1
20,0,43,9
15,0,73,1
12,3,13,10
9,0,51,1
13,5,32,6
19,2,70,7
19,3,78,4
11,4,32,1
20,1,19,5
11,4,48,7
19,0,20,4
17,1,55,8
14,5,3,1
16,1,17,9
17,4,79,8
19,4,84,4
20,4,45,8
20,5,45,9
12,4,5,6
16,4,37,6
11,5,32,8
11,0,4,6
9,0,42,3
22,5,51,9
14,5,6,4
18,5,38,5
15,6,15,8
11,3,51,3
10,6,85,5
11,4,75,7
20,6,69,1
10,5,55,8
18,6,7,6
9,0,21,8
10,5,32,9
18,5,8,7
12,1,88,10
15,4,22,4
13,4,45,1
13,2,37,2
16,0,33,9
14,0,82,3
17,4,28,9
18,5,34,4
19,4,53,7
11,1,68,10
17,5,46,9
11,0,56,3
19,4,46,6
21,4,88,5
18,3,61,7
11,3,54,6
15,3,37,4
19,0,1,4
19,2,53,4
19,4,40,6
22,0,4,5
12,6,0,8
16,3,72,4
17,2,55,2
12,6,88,10
21,3,86,3
22,0,60,5
15,3,9,10
17,0,8,6
18,4,68,1
16,5,65,2
20,1,57,5
17,6,4,4
13,4,20,10
15,0,35,4
22,1,15,1
20,6,65,5
11,3,39,5
21,5,35,1
17,1,87,4
14,6,48,10
14,0,82,6
19,5,57,7
18,6,23,9
9,2,52,4
17,1,43,9
9,0,57,10
11,4,17,3
17,2,26,6
22,1,56,9
18,2,59,5
18,5,18,3
17,2,89,6
21,5,58,1
18,2,26,10
15,2,59,9
15,3,31,1
17,0,40,9
10,0,14,2
18,4,13,8
20,2,46,1
17,2,37,10
12,0,43,9
20,0,17,7
21,1,83,1
13,1,11,2
21,3,30,3
10,0,13,10
22,0,38,1
12,6,30,8
12,3,40,2
13,0,43,7
17,1,13,5
19,1,20,1
11,2,86,1
9,5,25,10
9,0,35,6
21,2,69,1
20,0,77,8
16,0,57,8
19,5,80,5
17,6,39,5
22,2,88,6
13,1,66,10
15,4,44,9
22,6,46,7
14,2,27,3
13,5,1,3
19,1,14,8
12,1,51,2
22,2,25,1
18,6,16,4
14,2,34,4
12,3,8,4
18,0,64,6
15,6,61,1
9,3,30,3
18,4,15,9
10,0,54,10
9,0,50,1
10,6,86,4
18,2,5,5
13,6,50,10
15,6,24,7
13,1,52,7
21,5,26,9
16,4,9,4
12,4,38,5
15,6,0,1
10,1,81,3
11,1,87,10
10,6,88,1
19,1,42,7
11,4,24,2
13,4,20,9
14,1,64,3
11,1,81,9
16,0,21,3
11,0,69,9
13,3,27,9
11,6,28,9
19,2,69,5
10,1,72,7
11,2,26,4
13,2,74,7
16,1,72,10
10,4,51,6
12,5,9,1
21,4,21,4
9,2,50,10
12,4,60,4
10,5,29,1
9,5,40,1
18,2,10,3
11,3,8,9
10,2,87,8
13,3,54,8
21,0,9,2
21,4,51,6
17,2,46,7
13,3,6,4
14,6,84,6
16,2,11,8
15,2,85,8
13,3,88,2
10,1,20,10
17,0,34,9
10,0,8,1
15,4,45,1
14,3,11,1
14,3,82,5
19,2,19,4
12,2,29,10
18,4,73,10
16,4,83,3
20,1,63,7
19,6,80,4
10,3,23,9
18,0,78,10
12,3,17,1
19,6,22,3
9,5,19,10
15,1,45,3
14,0,44,5
21,4,27,5
21,4,54,7
18,1,40,10
19,5,54,7
11,6,73,6
12,1,64,8
10,2,84,6
15,1,26,10
16,6,76,3
14,5,88,3
21,5,79,5
17,4,33,9
10,3,47,7
10,4,9,10
21,2,0,7
21,1,47,4
17,4,30,10
9,3,72,8
9,1,58,2
15,1,3,8
20,2,69,2
20,3,30,5
21,6,20,4
13,2,67,4
20,2,55,7
12,1,62,7
22,1,84,7
13,1,39,2
9,4,32,3
13,1,7,2
12,6,10,2
15,2,20,1
12,0,80,4
16,0,22,9
18,1,84,4
12,0,76,4
11,4,17,4
9,2,1,9
16,2,2,2
22,1,26,7
21,5,89,10
12,2,44,9
9,1,8,2
15,3,0,6
15,0,1,6
12,4,82,5
16,4,11,7
21,1,5,1
10,2,18,1
15,1,46,4
15,6,15,3
19,3,60,4
16,2,52,3
16,6,62,1
9,6,55,6
19,2,23,10
19,1,22,7
19,2,27,10
10,4,9,4
10,5,12,8
10,1,31,4
11,2,74,4
21,0,2,1
10,4,20,9
10,2,29,7
19,3,56,9
20,3,79,7
10,6,87,2
13,6,7,2
18,4,66,10
19,4,22,6
13,0,29,5
9,0,63,10
16,3,13,6
22,4,51,10
12,5,52,6
9,4,73,8
12,0,11,1
10,0,45,3
14,5,58,6
22,2,19,8
10,4,34,2
15,1,31,1
12,3,46,1
17,6,55,7
10,5,75,10
18,4,36,3
13,0,52,1
20,2,1,2
11,5,18,2
19,5,6,4
22,1,45,8
21,2,15,3
15,6,11,4
12,3,41,1
20,0,79,6
18,3,53,9
17,0,6,10
19,1,8,4
10,5,27,1
13,3,7,5
20,5,4,7
12,3,19,4
19,4,49,7
21,4,32,6
10,2,71,2
18,0,46,5
22,1,17,5
17,2,57,2
13,2,66,7
18,3,75,5
9,2,6,8
13,4,28,9
9,4,55,8
9,4,28,10
13,3,51,10
9,6,84,8
18,2,41,7
13,2,34,1
22,6,59,3
21,0,8,6
14,3,32,4
11,3,67,4
10,1,66,3
19,4,34,7
16,1,66,4
17,5,29,1
15,3,31,10
18,5,34,8
14,4,54,2
14,0,78,4
18,5,77,1
11,2,19,3
11,4,33,7
22,6,74,3
21,4,10,3
12,3,41,9
21,1,30,10
20,2,2,10
19,0,59,10
14,3,36,6
21,6,83,5
9,6,22,1
13,0,86,3
12,3,8,9
10,5,80,7
10,6,46,1
22,5,34,4
12,6,68,6
19,1,21,9
12,6,5,3
10,0,61,9
22,5,27,4
22,1,56,2
13,3,88,7
22,1,86,7
15,0,33,10
16,5,64,10
13,6,17,5
12,0,16,2
20,4,57,10
9,4,21,1
13,6,10,5
18,4,47,5
22,6,5,10
15,4,79,5
14,4,29,1
13,6,18,5
20,1,58,6
19,2,76,9
14,2,36,6
21,0,58,8
14,3,12,8
12,4,0,10
18,3,58,10
19,0,2,2
16,5,45,6
12,2,87,4
17,5,70,10
21,2,74,2
19,3,37,3
12,4,47,5
13,6,55,10
13,5,14,10
21,5,66,6
15,5,11,4
19,0,86,8
21,6,76,6
22,4,4,8
11,3,66,4
19,3,29,9
22,6,70,6
14,2,84,1
20,1,48,2
17,3,43,1
21,2,67,6
9,3,32,2
21,3,33,3
18,4,58,10
18,4,80,9
11,1,32,6
20,2,2,8
11,3,16,10
9,2,35,10
20,6,64,1
16,3,16,1
19,1,5,6
9,1,33,6
15,1,15,4
10,4,85,7
18,0,89,3
17,1,32,8
11,5,15,10
22,5,74,9
13,5,65,4
20,0,85,3
10,6,64,2
18,3,62,4
16,5,69,9
15,0,12,7
14,3,44,2
20,1,7,4
12,2,74,4
15,3,67,4
11,0,10,1
21,5,77,10
17,0,69,1
20,5,82,10
15,5,81,4
17,6,13,6
10,4,1,9
16,0,26,1
10,1,76,3
22,2,79,9
12,5,13,7
15,2,6,8
21,6,13,8
17,5,68,8
14,0,34,3
10,3,68,10
17,5,86,3
19,0,46,4
19,1,12,1
12,6,1,8
15,4,47,6
9,1,85,9
19,1,17,6
21,0,53,1
10,1,49,7
18,1,48,6
12,2,87,10
11,0,12,9
11,4,0,6
12,0,18,8
20,1,77,5
13,6,59,4
15,4,76,7
18,1,12,1
13,5,55,8
20,6,85,2
11,5,15,6
17,4,23,3
15,2,65,5
12,3,2,5
22,4,87,8
17,2,64,3
10,1,49,4
15,0,31,8
9,2,16,3
10,5,85,2
17,6,39,7
16,4,12,8
11,6,50,4
20,1,34,5
20,1,47,1
18,5,75,8
17,2,35,9
15,0,80,2
18,6,10,1
9,1,9,4
20,6,70,7
20,4,74,7
16,5,76,5
12,2,64,3
11,0,28,6
16,3,25,6
22,4,25,10
13,5,6,3
21,0,3,3
17,5,67,9
14,0,1,8
12,5,19,2
21,2,52,5
18,3,50,8
14,2,68,6
12,4,66,7
10,6,59,7
16,1,38,3
19,6,6,8
15,3,16,5
11,5,39,9
14,3,71,3
11,1,28,1
22,0,31,2
12,5,4,3
13,6,34,4
14,5,87,10
16,4,38,2
14,5,30,2
20,3,58,9
11,3,38,2
22,4,9,5
19,4,62,3
9,4,18,9
20,0,53,1
9,3,12,4
21,1,85,6
13,0,59,9
17,5,25,7
15,5,85,8
14,4,30,9
16,5,33,4
10,5,79,3
21,0,61,9
9,4,2,2
10,1,34,7
9,3,42,6
15,2,84,2
20,4,77,1
15,6,88,9
10,5,89,1
12,4,60,4
10,4,29,3
12,4,53,2
16,5,24,8
12,2,46,2
12,5,4,4
17,6,83,9
14,4,69,9
20,1,0,10
22,4,24,5
12,4,74,7
20,0,2,5
18,6,79,1
17,0,82,8
11,1,53,5
16,3,57,10
12,5,70,1
17,4,18,8
22,4,19,7
20,1,77,3
20,0,11,2
17,5,37,1
9,1,72,6
13,3,5,7
11,1,1,10
14,0,70,8
13,6,58,3
18,6,52,9
18,1,50,5
17,2,29,5
13,3,0,2
9,3,8,1
20,3,25,4
20,6,11,3
11,3,18,3
11,1,24,4
12,0,47,5
19,2,11,5
20,6,54,4
18,5,6,1
9,3,16,8
20,3,23,10
9,6,61,4
14,4,13,5
16,2,31,5
13,4,11,8
20,0,62,4
16,1,27,5
9,3,0,3
20,6,74,1
12,1,61,6
11,1,19,3
13,6,72,6
16,6,61,3
14,5,63,6
21,0,70,7
10,5,87,9
14,5,2,2
19,6,86,6
10,5,64,5
9,0,38,10
9,2,83,2
16,4,46,6
17,5,59,5
10,2,34,8
16,6,28,1
11,3,32,6
17,2,67,2
9,6,49,5
18,0,62,7
16,5,39,1
14,2,3,5
19,3,54,1
11,1,52,8
12,5,38,3
18,6,6,9
15,4,83,2
19,0,50,3
17,1,11,3
12,3,33,7
16,6,39,2
18,0,20,8
10,0,14,2
11,3,29,4
15,0,80,7
9,0,54,9
15,6,54,9
10,1,56,5
14,4,81,10
21,0,70,9
17,0,74,5
9,2,55,4
17,3,26,6
14,1,89,8
17,4,6,8
20,1,61,3
15,2,41,2
13,1,54,5
22,1,59,4
14,1,55,2
17,5,69,10
18,3,80,3
22,3,84,1
20,2,85,7
22,1,51,5
21,3,10,7
11,5,8,9
19,1,72,10
10,4,58,3
10,1,45,2
12,4,76,6
22,5,87,10
19,0,4,1
11,2,71,1
13,4,13,8
10,5,63,6
18,3,42,8
20,1,15,4
21,3,4,9
16,5,43,8
18,1,30,8
9,1,46,2
10,1,16,10
12,5,36,1
13,0,84,9
17,5,64,9
18,5,87,8
19,6,80,10
17,1,42,5
14,2,19,9
14,0,78,2
21,1,4,9
12,2,19,5
12,5,18,7
17,0,4,1
21,3,57,4
13,3,78,4
19,5,75,10
11,0,68,9
16,6,71,3
14,2,10,6
13,1,38,4
17,5,11,6
17,0,51,2
20,3,72,7
9,3,6,7
20,1,41,3
18,4,34,3
13,3,32,6
11,3,38,10
16,6,15,3
21,3,72,1
16,5,61,9
17,0,11,2
14,6,34,8
17,6,82,1
11,4,76,2
11,4,85,7
10,1,83,3
15,6,87,2
20,4,50,1
9,0,53,10
12,4,42,5
9,3,26,7
21,0,38,8
22,0,74,3
13,5,2,10
14,6,40,3
9,5,65,8
18,3,35,3
17,2,30,4
15,4,75,3
19,4,72,9
12,4,69,7
10,6,26,3
14,3,46,7
11,6,86,4
20,3,77,6
16,3,14,8
13,2,45,2
12,1,85,9
9,4,45,1
11,6,22,7
12,1,65,1
14,1,59,7
9,3,55,8
11,3,29,3
21,2,31,4
20,0,64,8
9,3,68,9
21,2,12,5
10,2,24,7
16,2,18,10
11,1,7,8
21,3,77,3
17,5,8,6
21,6,67,1
19,5,41,2
20,5,78,8
13,6,85,2
20,5,87,6
11,4,42,7
10,4,50,10
20,3,18,7
20,5,60,7
11,3,75,10
17,1,81,9
11,2,71,8
14,3,61,7
13,1,71,6
21,0,20,3
16,1,21,6
19,3,0,2
13,6,69,6
13,6,23,8
14,5,6,9
22,3,49,4
12,2,53,2
10,2,42,1
13,0,16,3
13,0,42,3
21,1,40,5
22,3,43,8
10,2,11,9
16,0,26,9
13,4,0,2
12,0,55,8
19,4,18,8
14,6,47,9
9,3,82,1
13,6,64,2
14,6,54,5
18,4,18,3
15,0,38,4
22,2,85,2
15,1,11,10
11,5,52,4
10,6,24,9
20,2,62,2
20,2,37,1
11,2,62,1
14,0,32,1
11,5,80,8
13,2,8,4
14,1,68,6
9,6,77,10
17,4,22,9
17,3,74,3
15,2,40,1
12,4,73,5
13,4,29,3
12,5,79,5
9,3,44,4
19,4,28,3
10,4,15,10
10,2,2,6
16,5,60,5
18,1,84,7
21,1,64,2
17,3,2,7
11,3,63,4
22,3,56,2
21,0,27,8
14,4,81,1
15,2,59,6
17,3,85,4
20,3,65,6
12,2,89,2
11,1,19,1
19,1,55,6
17,0,36,2
12,5,9,8
9,0,81,1
13,0,18,6
14,1,53,2
16,6,77,2
13,2,27,2
12,5,83,3
22,1,72,5
9,3,51,7
10,5,77,1
22,4,77,8
21,1,35,6
15,5,44,1
11,0,70,2
13,3,16,9
19,6,83,10
12,5,21,6
22,0,17,3
14,1,86,3
18,1,32,2
9,6,55,6
16,3,0,2
19,0,63,3
22,5,42,4
10,3,55,7
20,3,61,5
18,5,26,6
10,2,59,7
16,4,34,4
12,6,32,10
22,3,85,7
9,2,22,2
22,1,25,3
9,3,84,8
15,3,4,10
20,1,39,2
18,4,37,8
21,1,62,6
18,3,31,6
11,6,53,10
21,4,2,10
9,0,18,10
12,5,3,8
19,5,34,5
17,1,80,6
20,3,66,8
19,3,52,8
12,5,38,6
19,5,12,9
21,1,9,2
18,2,24,8
16,6,86,3
12,2,63,2
13,3,16,5
20,2,50,7
17,0,46,8
21,3,24,9
9,2,89,3
21,5,37,3
11,3,8,5
20,6,83,6
18,0,69,4
22,5,76,8
10,0,27,7
20,3,1,7
12,4,38,10
17,2,89,1
14,2,57,7
10,4,64,8
10,1,61,9
12,4,62,8
16,0,76,8
21,0,5,9
17,1,64,4
22,2,37,5
13,6,77,1
13,6,52,7
18,0,76,6
17,0,30,1
13,2,14,10
13,2,75,10
14,2,29,6
15,2,32,10
17,5,49,6
18,4,29,2
12,3,41,7
11,3,54,5
20,0,38,10
11,6,22,9
19,2,44,6
20,5,77,5
9,1,46,8
12,5,54,9
16,2,38,8
10,1,81,6
21,3,25,7
18,5,81,2
19,2,37,1
12,5,33,9
16,2,38,3
10,4,87,9
21,1,42,2
19,3,61,8
13,5,44,2
19,6,61,8
13,1,61,1
19,0,26,3
22,0,61,4
13,5,64,1
22,5,57,3
22,6,9,4
21,2,14,9
10,6,77,4
19,4,70,3
10,6,27,2
21,4,9,6
13,3,54,2
20,5,87,9
22,4,76,5
16,2,59,2
14,2,81,9
10,1,37,1
10,4,66,3
13,0,17,10
9,4,77,2
22,1,26,4
17,6,7,10
17,6,20,10
15,5,46,10
9,3,58,6
14,0,3,2
9,0,21,10
11,3,58,1
22,4,44,8
22,3,18,8
15,3,78,3
17,4,0,10
11,4,31,5
14,5,35,10
11,3,39,2
9,3,57,8
18,4,69,10
14,0,51,1
17,5,23,6
17,3,61,5
19,1,61,2
19,2,61,9
19,6,5,4
10,5,4,5
11,4,43,6
14,2,81,5
11,3,55,9
16,2,77,1
18,3,85,9
22,5,77,10
22,4,42,8
13,3,55,5
15,4,31,5
12,1,18,6
12,3,50,2
19,6,40,10
18,1,45,1
21,2,36,6
11,1,75,7
15,1,62,10
17,3,53,3
14,2,30,8
12,6,58,7
14,2,20,3
22,2,15,4
12,4,55,10
21,2,89,9
17,0,20,8
20,4,54,1
16,2,13,5
10,4,82,3
9,1,51,5
15,3,60,4
15,4,41,7
21,3,70,8
10,6,38,8
14,1,39,9
11,2,30,5
21,3,54,10
16,1,1,8
22,1,87,7
17,5,1,7
9,4,50,5
9,3,69,10
22,3,67,7
17,2,23,3
18,0,76,9
14,2,15,8
10,6,68,3
16,6,13,5
14,0,79,6
17,0,70,8
17,1,31,9
11,5,74,6
15,1,26,1
16,4,51,2
16,1,46,3
18,3,15,5
14,5,14,6
21,6,62,7
13,4,35,3
11,1,8,4
19,3,74,7
20,6,61,5
14,1,30,8
11,3,82,1
17,0,32,9
9,3,23,5
10,2,14,5
13,2,36,2
17,4,38,2
12,5,16,4
10,6,79,8
15,6,23,9
15,0,19,4
10,2,54,2
20,1,61,7
20,3,2,1
21,2,60,7
16,4,6,5
14,1,61,1
12,4,59,3
21,1,32,2
13,5,37,2
14,2,80,2
14,5,50,5
12,4,7,5
18,1,2,2
14,6,5,1
12,6,65,6
15,2,61,8
20,4,69,1
12,0,11,8
17,5,41,2
12,0,55,5
20,6,75,10
14,0,64,4
11,1,64,9
16,3,78,10
20,3,7,7
17,2,30,5
21,5,48,4
20,5,69,10
15,0,57,2
9,2,39,6
12,4,71,9
11,2,38,8
12,4,8,4
17,2,55,7
9,2,88,10
20,4,46,10
13,6,19,10
12,1,72,4
22,6,58,8
15,1,28,9
21,3,45,1
16,3,48,3
12,3,36,8
22,4,19,1
11,5,85,9
13,0,22,4
14,4,22,8
9,2,51,10
9,2,53,1
9,6,85,10
22,0,60,1
14,2,69,10
15,6,0,1
22,5,21,9
16,4,69,2
20,3,10,6
9,0,76,9
19,4,86,9
13,2,64,2
11,1,74,6
18,4,27,10
10,4,35,1
13,2,56,8
9,6,40,7
15,6,77,8
21,4,41,8
19,0,47,10
20,1,14,6
13,4,58,3
20,3,89,8
19,6,76,5
22,2,6,5
17,3,67,7
16,4,70,10
17,6,53,9
10,5,26,7
22,2,24,4
20,2,66,2
21,0,38,7
21,3,83,5
12,0,72,7
12,2,25,6
12,3,38,5
9,3,74,9
17,0,57,8
17,3,38,3
22,5,26,4
11,0,70,8
9,3,40,3
20,5,86,1
15,3,62,5
14,5,54,5
22,1,57,7
21,3,77,6
15,5,59,4
15,0,59,2
19,4,64,8
10,4,72,5
16,4,20,2
9,3,37,4
17,4,39,1
13,4,10,9
21,2,33,10
13,4,26,7
11,4,66,7
12,2,88,1
17,1,39,1
20,4,73,7
22,5,56,6
16,1,62,8
21,0,56,9
22,0,50,4
22,6,15,10
21,5,77,4
17,4,77,4
12,2,32,5
20,3,23,7
15,5,37,6
22,0,79,3
20,3,49,10
16,3,25,3
11,3,75,1
9,3,9,4
12,0,25,4
11,0,86,9
13,0,39,6
11,3,79,3
9,3,88,7
14,6,1,4
21,0,72,5
16,1,55,8
12,6,24,7
20,6,25,7
9,5,38,6
17,0,76,8
20,3,68,4
20,4,74,5
11,3,0,6
19,3,48,4
11,2,74,7
16,0,5,9
21,6,19,1
17,0,12,8
10,0,89,7
21,5,75,7
15,5,32,2
10,4,38,4
16,2,28,3
17,6,17,4
13,5,21,2
19,2,44,8
18,3,22,5
16,6,18,6
18,0,44,10
17,2,25,5
17,6,49,7
10,6,67,1
11,4,35,4
21,2,88,1
18,0,16,8
15,2,25,9
10,4,22,1
10,0,66,1
13,3,53,4
10,4,1,2
14,0,49,7
9,1,87,9
22,4,29,2
13,5,43,1
14,1,7,7
21,4,68,9
16,3,61,5
13,3,10,2
17,4,2,8
18,3,50,10
18,1,45,6
15,1,32,10
10,0,88,5
12,4,48,3
18,5,79,4
15,1,62,10
19,1,23,4
20,2,11,9
14,3,38,2
20,2,87,10
13,4,36,3
17,3,41,9
15,4,64,8
16,6,31,1
16,0,66,10
18,6,22,1
19,3,68,6
22,5,4,9
17,5,43,1
20,3,61,9
21,2,73,6
14,6,60,8
9,3,35,9
14,6,8,9
22,3,81,6
13,3,2,1
14,2,25,10
21,3,3,3
18,3,58,2
17,2,23,2
18,5,27,7
11,4,0,10
18,2,62,7
16,6,77,7
14,2,64,4
12,6,18,9
9,2,13,4
13,6,40,3
15,4,43,3
16,5,74,1
19,4,78,2
19,5,15,10
22,5,66,3
18,3,69,10
11,4,15,1
15,2,62,7
9,1,42,2
13,1,81,5
11,6,56,8
9,6,23,8
17,3,13,6
22,1,50,7
9,6,63,1
14,2,15,1
17,3,1,10
14,0,73,6
12,2,66,5
21,3,43,4
19,1,32,7
18,0,38,6
16,6,64,5
10,5,1,2
19,0,4,9
15,1,7,6
20,4,17,1
19,3,46,9
13,5,56,6
21,0,16,6
16,6,79,2
12,3,50,5
17,0,69,10
17,6,10,2
15,6,30,2
19,6,68,2
19,2,72,4
21,5,47,1
21,1,44,9
13,6,78,10
11,5,58,4
20,4,2,6
17,2,38,2
17,3,35,8
18,6,18,2
20,5,37,9
12,0,44,2
13,3,80,7
15,3,25,10
9,2,33,6
16,6,62,9
15,3,72,4
18,0,43,10
9,5,82,10
21,6,9,1
19,4,16,9
22,2,66,2
14,4,89,8
15,5,22,9
9,5,25,7
15,1,42,5
17,5,32,1
21,1,59,2
17,2,41,9
22,0,35,2
22,4,16,9
22,6,25,2
9,2,36,7
18,0,47,9
20,5,54,5
11,4,87,5
16,2,57,2
20,6,55,6
17,6,75,8
22,0,27,5
21,2,58,2
14,4,13,8
12,1,70,10
18,3,68,5
17,2,43,3
9,1,0,1
11,1,30,5
22,3,62,9
20,0,18,2
10,2,17,2
13,5,86,5
22,4,55,3
18,2,36,5
12,1,59,7
22,2,62,8
11,2,48,7
13,2,36,5
21,4,6,5
19,1,46,9
15,5,68,5
18,1,16,1
10,1,2,3
21,2,12,6
10,3,68,9
22,2,74,4
15,4,19,7
12,1,43,10
22,4,88,1
12,6,57,2
16,5,15,2
11,4,9,7
12,0,19,1
19,5,9,8
12,5,53,2
17,6,57,1
15,1,48,7
16,0,60,9
20,5,32,3
19,4,16,10
20,5,18,9
20,1,19,6
13,1,9,8
22,6,55,4
15,6,64,8
22,6,26,2
13,2,4,1
16,5,25,7
15,2,22,9
13,4,67,8
21,4,30,10
9,5,65,5
13,0,7,2
18,6,76,7
12,2,12,5
21,3,7,8
22,0,15,6
16,6,9,7
11,2,83,6
16,1,36,1
11,6,60,1
16,2,16,4
14,0,52,7
13,5,67,9
11,2,84,9
20,3,68,10
9,0,8,5
15,5,19,8
9,3,39,6
15,1,15,2
18,4,5,6
18,0,64,9
22,4,73,4
21,6,88,2
18,1,3,7
13,5,3,4
21,6,52,8
14,5,37,6
16,1,12,2
10,0,77,9
9,3,86,10
16,5,76,2
20,5,29,9
12,6,50,9
17,0,84,6
13,6,76,1
19,6,7,10
16,1,55,5
18,1,81,1
10,2,7,9
21,5,44,2
17,6,62,2
14,4,72,6
10,6,70,3
21,1,88,9
20,4,45,4
17,3,9,8
14,5,40,10
15,5,27,1
15,0,48,9
20,0,82,6
22,5,82,6
12,3,50,10
15,0,46,3
22,5,59,5
17,4,41,2
19,4,25,7
16,2,41,5
16,6,49,7
9,1,68,5
16,2,69,3
19,4,22,4
12,4,74,2
15,1,73,9
20,3,33,1
17,1,66,6
19,4,11,9
16,4,0,4
18,2,3,2
21,1,12,4
11,2,11,5
21,1,49,1
16,4,86,9
11,1,60,1
9,4,30,4
14,0,39,8
15,6,3,10
22,0,60,1
11,0,48,2
18,5,10,10
20,5,5,4
15,4,6,9
20,1,47,10
16,4,33,2
14,6,43,3
12,3,3,5
10,3,68,7
17,0,44,3
20,2,5,8
11,1,4,2
14,6,41,9
22,0,57,3
11,6,46,7
17,4,1,5
13,0,84,6
19,2,20,7
16,5,67,6
11,4,66,9
16,5,77,1
21,3,89,1
21,5,23,3
18,1,81,9
16,0,60,6
20,2,53,10
15,4,67,8
9,2,85,10
14,2,79,7
11,0,22,1
15,4,70,2
16,3,78,5
17,0,29,3
12,0,8,2
21,4,47,7
13,3,69,8
22,4,22,2
11,6,34,6
9,3,74,8
22,1,11,8
9,5,89,5
20,6,32,3
12,4,67,10
22,6,2,1
10,1,37,10
17,1,51,5
11,4,3,1
18,2,74,4
16,0,34,10
14,5,85,8
13,5,6,1
11,1,57,3
11,2,87,8
14,3,77,10
15,5,15,5
17,3,50,5
20,5,33,10
17,1,60,6
17,5,37,7
21,1,27,2
10,2,30,9
17,2,35,2
9,5,44,6
11,2,28,9
16,3,47,4
11,2,29,8
20,5,72,9
9,0,34,7
19,2,1,2
22,1,54,1
22,4,36,9
17,2,13,10
22,6,77,1
12,1,50,7
17,1,89,8
9,6,74,3
17,6,4,5
12,4,17,5
11,2,41,1
16,2,65,4
12,3,83,1
13,1,64,7
13,2,66,5
12,1,24,7
14,3,16,1
11,5,20,4
13,0,71,3
13,6,67,2
17,3,21,5
15,3,27,6
17,5,71,4
18,3,43,8
11,3,23,2
17,1,24,9
15,6,87,1
14,3,24,7
10,3,62,5
16,1,37,4
11,6,61,7
16,0,60,4
21,6,24,10
20,4,38,4
22,5,24,7
15,3,86,6
17,2,0,1
18,4,81,10
13,0,85,8
19,0,30,2
12,3,59,4
13,3,66,9
21,2,10,10
16,1,41,10
19,3,62,2
20,5,60,9
9,6,38,3
22,5,62,5
20,0,64,6
18,1,24,8
17,0,21,6
18,1,59,8
18,5,70,5
16,5,36,9
17,0,64,9
15,6,53,6
13,6,64,7
10,1,18,1
22,2,19,4
14,6,60,1
17,0,47,4
17,0,71,5
13,4,74,7
16,6,88,9
9,2,10,3
20,6,65,5
15,1,42,6
19,4,20,4
14,2,0,1
22,1,55,4
10,3,16,1
12,3,49,10
21,5,61,9
10,3,18,2
11,0,23,8
19,6,6,7
12,6,31,7
17,6,69,5
16,1,3,10
9,2,6,4
20,3,58,1
18,6,15,9
11,5,88,5
10,2,36,4
17,1,88,8
10,0,19,4
12,6,6,6
16,4,28,5
14,3,18,8
20,0,66,3
21,6,80,5
13,3,3,5
21,6,52,2
19,0,55,3
9,6,87,10
10,1,87,2
13,5,47,8
18,0,4,7
14,6,35,6
18,6,6,4
20,6,3,5
21,5,9,1
20,3,18,6
13,1,24,7
18,4,76,6
21,4,13,3
21,6,82,3
10,3,39,1
13,3,3,3
19,1,22,9
10,0,57,7
22,0,59,8
15,0,7,6
21,5,45,3
15,4,54,10
14,4,18,4
22,0,15,3
14,5,67,6
16,0,73,6
10,0,23,3
20,6,37,4
13,4,88,10
13,3,5,10
9,2,29,9
22,3,60,7
14,3,12,7
20,6,35,10
20,4,16,4
20,2,41,9
12,6,64,7
17,3,62,2
21,6,32,8
13,2,30,10
20,2,41,3
12,3,69,9
10,6,34,10
22,1,82,4
14,2,86,4
21,2,0,2
19,6,34,10
16,5,14,2
9,0,32,10
10,0,47,4
20,6,23,1
13,2,52,2
9,4,34,1
18,5,53,1
18,0,23,4
17,0,84,6
16,0,89,1
10,1,63,10
17,5,59,8
9,4,74,7
9,0,27,7
20,1,1,9
17,3,51,9
9,4,47,4
17,1,12,6
17,5,31,3
15,0,8,2
9,0,17,9
19,5,84,6
17,1,50,8
17,0,84,8
12,5,3,6
16,2,2,5
12,2,76,8
14,0,18,7
17,0,23,2
21,0,67,7
9,0,13,3
19,4,61,5
9,5,75,6
13,3,18,7
19,1,53,6
18,0,14,7
17,1,46,7
9,4,60,4
19,6,83,7
16,5,5,6
20,3,40,7
22,2,71,1
20,5,5,1
19,5,65,3
19,6,27,9
20,4,22,6
15,5,19,9
15,3,23,10
18,5,4,10
20,3,25,3
16,0,6,9
12,3,31,3
12,3,40,10
22,5,69,3
22,6,85,9
16,5,2,2
22,6,76,9
21,3,7,1
9,4,43,9
19,6,59,4
9,5,56,8
20,2,70,2
14,0,58,2
22,6,71,6
20,4,30,7
17,5,13,2
15,4,51,8
19,4,67,4
20,5,49,2
14,3,39,1
22,1,53,1
17,1,51,9
14,4,83,2
14,3,38,3
11,1,30,8
11,6,26,10
19,1,2,5
12,4,86,4
9,6,29,2
16,5,59,8
13,0,20,7
19,4,50,8
14,6,82,10
19,1,75,6
15,4,23,5
13,2,4,7
13,2,8,2
13,6,28,6
15,5,73,10
15,4,23,6
17,0,43,9
13,2,71,8
14,2,78,7
16,1,74,4
15,6,25,6
13,1,6,9
15,1,4,5
21,3,77,1
16,5,30,7
13,3,60,5
14,6,25,2
13,6,3,2
14,5,65,9
13,3,59,8
20,0,79,5
13,2,39,5
11,6,88,3
12,5,9,9
14,6,72,7
19,3,10,2
9,1,57,4
10,4,9,1
20,4,83,10
16,1,37,2
11,2,7,7
16,2,59,8
12,3,3,7
21,6,9,8
11,3,28,3
10,2,39,5
22,1,79,9
15,3,74,3
13,1,82,8
15,2,15,6
9,4,72,8
19,2,42,7
16,1,80,10
20,3,85,10
15,4,72,6
19,6,82,4
10,1,18,4
11,3,33,7
16,6,43,5
17,4,61,5
11,1,39,4
16,4,70,8
11,2,77,3
11,0,9,2
19,5,12,10
19,4,35,9
14,5,50,8
12,2,32,1
21,1,53,3
14,2,28,8
10,2,86,3
10,0,66,2
15,0,28,10
22,3,13,9
14,1,56,1
10,1,22,10
13,1,60,5
11,3,84,4
15,6,43,4
11,6,32,10
21,3,42,9
16,3,22,1
19,4,5,5
14,6,71,10
14,2,54,7
12,0,85,10
18,2,64,7
14,1,73,1
10,3,8,10
9,1,9,7
13,1,51,9
13,2,56,9
19,0,10,3
13,2,44,1
21,4,6,4
20,5,6,1
14,5,2,10
12,6,49,2
11,6,43,8
19,5,14,4
22,6,82,10
14,4,87,2
13,5,33,10
21,3,35,2
17,3,87,9
15,1,46,3
20,2,15,3
10,3,15,1
17,0,12,3
15,0,16,7
13,1,51,1
15,6,70,1
22,0,80,9
12,4,68,4
14,0,49,1
14,0,67,5
10,6,6,6
10,3,15,3
12,2,71,8
17,0,15,2
20,3,60,3
18,0,49,9
20,1,27,10
9,0,5,7
9,3,54,3
13,5,16,5
10,2,66,8
19,4,16,5
9,5,44,10
10,6,26,2
13,2,89,7
11,4,60,8
17,4,65,9
20,4,52,3
21,5,40,10
20,6,89,1
19,1,33,8
18,3,84,2
16,6,66,3
20,3,61,10
19,4,31,5
9,4,80,9
20,5,8,7
16,0,52,1
21,1,16,5
13,1,54,5
13,4,58,1
19,4,51,2
19,1,30,9
18,0,3,9
16,4,7,9
9,1,51,8
18,6,55,3
17,3,43,7
10,2,22,6
9,1,43,5
11,5,32,10
16,0,19,1
16,4,18,5
15,1,88,7
19,4,13,9
9,0,36,5
9,1,39,5
14,4,66,10
22,3,72,3
13,2,25,8
22,1,49,6
19,0,89,8
9,6,0,8
11,0,26,6
12,5,15,6
16,6,25,8
17,0,75,4
11,3,80,7
16,1,82,5
11,4,78,10
21,1,66,6
9,0,53,8
18,3,53,1
19,6,74,1
20,1,5,3
14,3,25,7
15,3,67,8
18,5,72,10
14,0,54,4
10,6,13,3
10,0,27,2
9,6,67,5
12,0,0,5
17,6,60,7
18,4,63,5
21,0,40,8
15,4,10,4
21,6,14,8
18,4,13,7
15,2,9,9
9,0,19,9
9,6,22,5
16,2,65,10
10,3,58,5
15,4,24,2
15,2,23,10
11,4,9,9
16,4,56,8
18,4,42,10
20,3,6,9
9,0,6,9
10,6,23,5
16,1,0,9
14,0,78,9
11,4,76,9
10,5,80,1
16,0,15,2
18,4,83,7
18,3,87,3
14,2,33,2
22,2,52,1
18,2,77,10
13,4,42,1
13,5,21,3
20,6,61,8
14,4,48,1
20,3,54,4
16,3,40,5
16,4,60,4
19,2,45,6
14,4,2,9
17,0,41,10
18,6,85,7
10,2,1,2
15,4,31,1
9,6,14,2
9,4,74,5
17,2,73,6
18,2,60,8
13,2,32,1
17,2,55,9
21,6,16,6
16,1,16,5
12,6,76,9
12,1,43,1
21,0,86,10
14,3,79,8
9,6,84,6
21,0,74,1
18,3,0,6
9,1,13,10
12,0,75,6
21,1,47,3
16,2,76,3
15,2,62,5
22,3,55,2
14,2,0,3
20,0,89,10
17,3,67,5
15,0,75,6
13,5,33,9
20,6,5,2
22,2,84,5
22,3,26,5
18,3,76,7
11,3,2,8
15,1,4,1
14,5,77,3
9,3,66,3
15,1,42,9
15,5,50,6
15,3,40,1
14,6,84,3
21,5,52,3
12,0,1,10
13,3,35,2
16,0,9,2
14,2,82,7
13,0,22,1
21,4,11,5
13,1,58,9
22,6,81,1
18,4,6,8
18,3,70,9
12,2,50,3
19,6,27,1
14,4,77,2
18,5,2,10
18,0,76,10
9,3,29,5
11,0,54,4
12,3,37,1
21,4,22,2
21,0,21,10
9,6,58,1
16,4,71,8
12,6,16,7
19,6,24,7
14,0,42,8
10,1,55,6
22,2,53,9
12,1,49,1
12,4,54,7
21,0,25,9
22,2,2,10
22,4,20,9
12,0,24,6
10,3,24,7
19,3,64,1
9,2,48,8
22,2,72,3
9,6,45,5
19,1,34,4
10,2,38,2
15,5,86,6
20,2,59,2
15,6,7,8
11,2,15,7
18,3,8,6
19,4,34,4
12,2,43,7
20,0,57,9
19,3,4,4
10,6,50,9
11,6,14,10
11,4,60,1
17,3,50,1
19,6,63,9
13,3,54,5
14,4,49,3
17,0,34,6
13,6,76,7
16,1,24,8
9,0,10,4
20,4,60,5
9,1,51,8
16,4,11,7
11,3,24,1
9,2,46,10
10,3,23,7
13,4,28,1
9,2,47,7
10,6,11,8
14,4,71,5
17,3,39,6
9,6,81,5
19,3,57,2
17,0,16,5
21,2,18,1
10,0,35,2
21,6,68,3
18,0,41,9
22,2,22,9
11,0,38,9
17,1,31,8
17,4,34,7
14,6,32,1
17,1,21,4
14,1,16,3
10,2,83,1
13,6,68,5
20,5,18,6
22,3,84,1
12,4,87,6
10,5,55,4
20,5,78,4
10,5,38,6
21,0,3,8
16,1,0,10
15,0,48,7
13,3,86,8
16,6,29,9
9,5,32,2
11,0,35,7
9,1,16,6
18,3,34,1
20,2,58,9
17,2,75,4
16,0,5,8
17,5,36,8
10,2,37,2
11,3,58,1
12,6,31,8
15,0,63,8
14,2,20,1
18,2,39,4
16,1,19,2
12,0,13,8
19,1,72,2
11,0,20,7
14,6,56,1
16,2,28,9
20,2,86,8
14,6,86,8
19,6,46,10
15,6,63,9
17,3,14,7
10,4,8,4
20,4,30,8
22,3,14,8
22,1,71,10
20,1,80,9
10,3,62,10
20,3,0,3
21,0,18,3
20,2,3,1
16,4,33,10
13,4,61,5
13,0,57,5
20,0,89,1
17,4,56,7
19,4,57,8
16,0,9,2
21,6,66,1
12,3,14,7
14,5,43,1
21,6,24,2
17,5,4,2
16,2,42,7
13,5,78,2
11,4,69,3
9,6,68,3
17,1,51,10
14,2,65,5
11,4,83,3
15,0,33,9
11,3,16,8
10,0,25,2
22,0,64,8
21,6,29,9
12,5,51,9
14,4,52,9
9,6,34,1
10,3,1,6
12,0,85,8
13,1,73,10
12,4,39,2
19,3,23,4
13,2,19,6
9,1,54,1
11,0,57,6
19,2,56,6
12,5,67,8
14,6,2,7
11,2,68,9
22,4,29,7
11,4,79,10
17,5,66,1
16,4,6,10
18,5,56,6
14,1,38,7
19,4,77,6
17,6,66,5
22,0,23,5
17,5,76,4
10,3,9,1
22,3,3,2
21,4,29,2
10,3,88,8
19,3,55,4
20,1,14,5
19,6,55,4
13,5,54,4
14,3,77,1
20,6,86,6
22,6,47,9
18,1,47,4
13,2,43,9
16,5,66,3
11,2,22,8
9,0,33,3
13,6,29,8
17,5,25,2
14,4,59,9
12,0,52,3
16,1,81,9
15,5,77,2
16,6,83,2
13,6,33,10
20,5,40,6
12,6,40,3
20,2,44,1
19,4,75,1
20,4,31,1
13,3,26,9
15,2,73,7
16,0,51,2
12,4,22,7
11,2,21,4
13,3,52,9
10,0,37,4
12,2,13,3
9,0,24,3
21,3,31,9
14,6,49,4
17,1,80,4
13,3,7,9
19,3,14,9
20,0,80,7
21,1,86,7
21,5,54,4
13,1,32,5
13,1,56,10
17,4,45,10
12,4,12,4
11,5,83,3
16,0,21,4
19,6,10,9
10,3,53,8
14,6,88,5
13,1,64,10
15,0,26,5
19,1,65,5
20,1,2,2
13,2,23,4
19,1,10,2
18,4,66,1
22,3,75,5
14,4,26,3
14,3,17,4
16,4,79,6
13,2,78,6
14,4,68,3
10,0,37,4
19,5,88,8
21,3,48,7
18,2,5,3
13,0,31,4
20,1,28,6
13,5,13,1
20,2,2,9
19,1,15,9
21,3,81,6
17,0,40,5
16,1,9,8
17,1,10,8
9,3,48,9
13,6,33,9
21,6,25,9
18,1,69,7
18,1,52,2
22,5,39,10
14,3,27,3
16,0,84,9
21,2,11,10
11,6,44,9
21,5,65,9
10,3,87,9
9,3,18,7
16,4,33,2
11,3,13,6
17,3,56,4
15,1,28,6
15,6,60,5
15,4,47,7
22,1,55,8
19,5,83,10
12,3,16,5
11,6,5,5
11,3,87,8
14,6,2,3
14,6,44,3
20,2,72,6
18,2,14,6
13,0,38,9
15,6,13,1
10,2,6,6
11,4,66,3
20,6,1,3
17,4,10,2
9,0,75,3
10,5,5,4
9,0,15,1
16,5,75,7
12,3,41,8
16,1,64,3
20,6,39,7
15,3,5,8
12,4,86,3
14,5,37,6
10,2,28,3
16,0,50,4
10,4,77,1
11,0,78,6
10,4,14,10
17,1,3,7
17,2,57,9
10,3,46,10
12,0,84,8
19,2,59,7
9,4,77,9
13,0,80,4
13,6,88,9
10,6,6,3
20,1,16,6
22,1,25,10
9,4,35,1
17,1,25,1
18,5,62,8
17,6,70,4
13,1,0,2
21,3,22,1
10,4,7,9
18,3,74,8
15,0,61,3
14,5,89,7
16,0,17,9
9,1,22,5
14,4,89,7
19,2,72,9
13,4,63,4
19,2,20,2
11,6,36,10
13,6,56,7
19,1,40,8
14,1,31,1
21,6,56,7
21,4,79,9
22,5,65,9
11,2,12,1
17,6,62,7
19,5,43,2
11,0,42,8
13,3,51,7
11,0,84,10
21,4,28,10
15,4,43,9
9,1,27,3
14,0,2,8
17,6,33,10
10,1,84,6
15,2,52,9
11,2,80,10
22,2,87,8
14,6,52,10
20,2,59,5
21,5,12,6
14,3,12,4
16,6,35,1
12,4,14,8
17,1,55,8
18,2,62,1
15,4,9,9
19,6,20,5
13,2,68,5
19,6,8,9
14,5,2,6
17,5,73,1
17,3,51,4
13,5,19,7
18,3,20,6
16,0,10,6
22,6,6,5
11,2,31,7
14,2,27,2
15,1,39,1
20,3,87,2
22,2,40,6
14,3,38,3
22,3,25,8
17,6,62,4
16,0,52,7
21,6,72,5
16,6,22,10
15,5,66,3
15,0,39,1
12,2,21,3
22,2,24,2
9,1,72,3
15,1,75,3
20,2,71,10
15,5,2,2
22,3,50,7
20,3,28,7
17,2,31,2
22,1,55,1
14,5,4,1
11,3,52,5
18,0,57,5
17,5,11,4
14,5,35,7
18,3,42,1
10,4,25,6
22,1,35,3
15,0,84,5
19,5,9,1
17,5,62,10
22,4,43,2
14,6,88,1
15,1,74,2
19,6,76,4
17,0,41,3
19,6,67,4
16,0,49,6
20,2,86,4
18,5,73,7
22,2,82,9
17,3,8,6
20,2,41,7
10,0,41,9
22,4,21,7
9,2,66,5
17,0,13,9
16,5,30,5
12,0,19,8
11,0,49,5
14,1,11,10
12,1,41,4
16,4,38,7
22,4,27,2
12,2,85,7
19,1,77,7
15,6,26,1
11,6,24,1
9,5,16,8
11,4,21,1
9,1,66,1
19,1,46,9
20,2,18,2
17,2,47,8
22,4,72,10
9,2,88,10
21,1,88,4
22,1,62,10
12,5,15,1
14,6,68,6
11,6,53,8
20,0,27,9
20,0,19,5
22,4,81,4
17,3,75,8
18,3,20,3
22,2,42,7
11,3,72,9
14,2,80,10
15,5,32,2
19,0,7,6
21,3,42,8
14,0,5,3
22,5,38,9
21,3,79,1
15,0,10,8
13,2,38,2
10,6,61,8
20,5,8,9
18,1,32,10
12,6,51,9
11,5,0,6
12,3,85,10
9,5,50,2
11,2,28,7
21,1,34,10
12,0,49,2
12,4,58,6
22,0,67,2
11,1,64,1
12,4,43,5
11,6,40,10
16,3,4,10
21,6,48,6
13,2,34,4
18,6,57,5
18,0,54,8
18,5,10,6
15,6,52,4
12,6,16,10
20,2,41,7
14,6,30,4
9,5,65,4
19,3,69,6
20,3,70,2
20,5,9,4
19,1,25,1
19,4,22,8
10,1,81,2
10,5,71,1
22,0,3,10
9,2,34,6
21,4,34,9
10,2,70,5
11,3,16,4
19,1,74,6
17,3,18,4
13,5,57,5
14,6,86,3
10,2,44,9
14,2,36,9
17,2,26,4
10,6,60,8
15,5,8,2
18,5,65,4
15,1,73,4
9,1,70,6
10,4,60,6
9,2,78,6
19,3,82,1
22,1,34,7
20,1,87,2
11,3,17,9
13,3,59,7
11,2,71,2
17,5,84,7
9,4,46,4
13,0,32,3
10,2,57,8
17,3,14,3
22,4,73,4
10,3,66,10
22,6,74,4
16,2,32,3
21,4,89,4
19,2,75,5
21,6,22,10
17,0,76,5
21,3,87,3
19,3,28,3
14,2,74,2
9,6,19,5
12,1,69,10
9,4,42,1
12,3,47,1
17,3,1,1
20,3,27,3
17,1,53,5
20,5,51,5
10,0,18,8
17,2,8,4
19,6,69,1
18,6,33,6
16,1,50,5
17,4,23,1
21,0,9,8
20,0,6,1
10,4,72,7
14,0,46,6
10,3,18,9
22,0,81,6
21,0,86,4
14,6,85,10
19,6,83,4
10,2,61,2
9,5,21,1
10,6,44,1
20,5,55,3
22,2,83,7
12,6,41,3
18,5,5,1
16,1,63,3
12,5,81,7
10,1,58,10
16,0,89,10
21,0,5,10
22,5,23,5
16,2,46,1
15,0,27,1
15,6,20,6
14,4,19,10
16,3,44,4
18,4,13,4
15,6,24,9
19,0,22,1
9,4,70,1
16,5,56,9
10,3,89,3
13,0,65,10
15,0,7,3
15,3,34,5
17,2,4,9
10,0,46,1
19,2,83,3
9,0,86,7
16,1,48,6
14,4,57,5
17,3,0,5
20,0,63,5
15,0,32,3
21,5,45,9
22,4,55,10
11,2,53,6
20,0,61,8
17,4,8,7
13,0,76,4
17,3,48,3
9,6,47,9
9,2,30,1
21,1,64,9
20,4,55,8
10,3,28,4
10,6,13,5
10,3,60,4
20,5,64,5
11,3,1,10
12,6,62,6
16,6,7,6
21,1,77,10
14,3,22,8
10,5,24,5
16,6,45,1
22,6,13,3
22,5,81,4
9,4,69,1
10,6,9,6
22,2,41,6
10,3,61,7
9,2,43,6
21,6,18,6
19,5,63,2
18,2,4,2
15,6,31,3
13,2,49,1
11,0,2,3
18,5,7,7
14,6,56,6
11,3,85,6
9,2,79,2
12,6,27,9
14,1,56,3
20,4,64,6
11,3,46,10
10,0,20,7
9,3,39,2
9,5,76,7
19,5,85,3
17,2,39,8
11,3,58,9
12,3,74,2
20,3,11,5
15,0,49,3
17,1,21,4
20,6,29,3
13,0,45,6
11,2,57,5
14,2,23,10
16,0,45,5
17,3,30,4
11,4,53,7
22,1,76,4
22,1,52,3
18,1,19,5
22,1,35,4
15,3,2,4
9,0,78,5
15,4,87,7
15,6,8,5
10,3,67,7
10,3,5,5
18,1,22,5
13,3,30,10
18,3,76,4
21,2,2,6
16,5,14,5
12,3,44,8
14,0,79,10
21,2,2,9
18,1,2,10
21,0,49,5
22,2,89,1
18,2,65,3
21,0,25,7
21,5,63,8
13,4,48,6
12,2,63,1
20,2,25,4
16,0,44,8
13,0,32,10
17,2,61,6
12,3,28,9
9,0,22,7
10,6,15,3
13,5,35,10
14,3,75,3
14,3,47,10
17,1,4,5
12,1,26,7
14,3,4,1
21,3,28,2
19,6,8,4
12,5,46,9
18,1,89,10
17,5,46,2
10,0,89,3
14,6,33,9
21,6,39,1
15,4,0,1
9,6,87,1
9,1,59,3
17,3,37,2
21,4,10,9
9,2,12,8
20,0,77,6
21,3,86,3
14,5,31,9
17,3,33,10
12,6,0,6
16,5,80,5
10,1,80,5
16,3,5,9
10,2,29,8
18,1,49,9
19,3,80,1
12,5,2,2
22,5,39,5
20,3,47,3
10,2,34,5
17,5,16,7
13,2,35,1
10,3,13,7
13,1,16,8
16,6,24,5
22,5,13,3
12,3,30,9
11,1,74,2
17,4,0,9
17,6,47,6
9,2,14,10
22,5,31,3
12,0,6,7
18,6,10,4
13,5,75,7
22,3,80,1
9,1,16,3
20,5,28,8
15,4,31,7
20,3,46,7
14,3,74,6
16,2,53,10
13,1,9,3
13,5,34,4
21,4,45,8
21,5,79,7
19,3,28,6
18,5,64,2
14,4,69,2
13,2,22,2
13,1,10,9
14,5,13,9
9,4,27,7
10,1,74,2
15,3,54,4
10,2,84,2
9,0,79,8
12,2,61,9
14,0,10,5
12,6,56,7
18,1,88,9
18,6,69,2
17,5,36,7
15,3,83,5
10,6,37,7
20,3,64,3
16,4,24,3
22,1,42,6
20,1,81,2
19,6,48,5
18,3,55,8
9,0,5,10
11,4,82,1
13,5,21,8
14,4,55,8
22,2,34,4
12,3,8,2
10,3,84,6
16,0,7,8
14,5,65,4
12,3,72,10
9,3,9,2
12,1,75,6
14,0,52,7
15,4,50,2
16,1,55,7
14,5,27,6
12,2,53,7
15,6,6,1
19,5,62,5
19,5,20,2
11,6,27,8
19,0,31,2
18,4,3,6
14,6,6,6
15,5,77,9
17,1,29,10
9,6,39,10
11,6,86,8
15,0,72,2
20,3,46,1
13,6,27,4
9,2,29,4
18,0,71,6
14,5,27,2
17,6,0,1
17,2,71,2
17,2,12,10
12,0,62,4
16,1,36,10
14,0,79,8
9,0,73,7
12,3,11,2
17,6,45,4
18,6,10,2
15,6,15,9
13,3,72,2
16,5,32,1
14,0,40,5
9,0,55,5
16,3,60,6
15,5,46,2
12,2,43,1
14,4,23,1
19,1,31,6
12,0,7,10
10,5,29,6
15,6,40,5
17,1,21,1
16,3,87,3
15,1,65,2
18,2,5,6
18,3,8,8
10,4,28,2
16,0,42,5
15,2,67,5
16,3,73,4
20,1,71,3
10,5,52,7
15,4,58,6
22,3,5,4
17,2,16,2
13,4,6,8
20,4,7,6
18,5,20,9
16,3,5,8
10,4,3,2
20,3,6,6
18,1,6,4
22,3,53,6
18,1,56,5
12,5,6,8
17,6,68,3
18,2,70,5
20,0,10,2
18,5,79,4
10,6,48,2
11,6,51,2
18,4,39,3
13,0,61,1
15,1,64,8
11,0,42,10
20,0,13,8
17,2,28,2
10,0,59,4
17,2,55,8
13,6,74,10
21,4,43,6
16,5,12,8
17,6,20,6
17,3,23,8
21,3,5,1
15,1,89,9
13,5,41,10
19,3,75,6
12,6,65,6
9,2,32,1
10,6,6,7
21,3,46,9
9,6,61,2
19,5,5,4
14,5,48,9
17,0,16,10
13,2,72,2
11,2,36,10
9,6,24,1
22,4,10,3
22,4,30,3
14,4,80,10
13,5,79,6
9,0,30,7
14,2,31,8
20,3,23,1
11,2,37,1
13,2,84,8
15,4,48,3
20,3,53,7
20,3,78,9
19,3,50,9
11,4,25,2
21,5,87,5
21,4,31,7
9,4,18,1
11,0,47,2
11,5,78,4
16,6,14,4
20,6,77,2
15,0,18,3
10,6,84,1
9,2,18,1
9,1,71,5
21,4,10,4
22,4,81,9
21,6,11,9
15,3,55,8
13,2,0,10
9,2,57,3
17,6,28,6
18,1,35,5
12,5,63,1
16,2,83,10
19,2,66,3
11,5,28,10
14,6,51,6
9,0,87,2
10,0,27,1
16,3,66,10
9,5,72,4
13,3,78,3
20,2,33,8
9,5,54,10
14,3,69,1
19,1,64,7
21,1,11,7
11,3,42,3
12,4,74,9
19,4,59,6
22,1,84,3
16,2,31,3
19,3,59,4
19,2,72,10
20,3,33,8
14,6,51,2
9,0,70,10
16,5,86,6
10,2,78,2
18,0,45,10
10,0,56,6
21,1,13,3
18,3,19,10
11,5,21,7
21,5,9,9
22,2,31,6
18,6,16,10
22,1,38,4
11,3,32,1
12,0,75,9
9,0,9,5
11,4,80,4
10,2,28,7
12,5,74,10
11,1,12,3
11,0,49,1
19,1,21,9
13,4,43,7
22,5,15,3
21,2,6,3
22,4,14,6
20,5,78,7
17,0,73,2
15,5,48,8
21,4,5,5
10,4,82,7
17,0,55,5
16,2,31,6
15,2,0,8
9,3,31,10
14,4,44,9
13,4,48,9
17,4,17,6
12,4,83,4
15,0,61,1
19,6,88,6
11,3,48,3
18,3,28,6
16,6,48,4
15,1,49,7
15,4,87,3
14,2,21,8
18,1,47,1
16,0,78,1
19,3,38,3
10,2,58,4
20,0,75,7
9,5,66,1
12,5,71,1
12,0,16,4
18,3,9,10
22,1,53,2
20,6,52,9
20,4,72,3
14,4,18,6
16,0,58,4
13,4,70,4
11,6,60,7
21,4,9,4
22,6,27,9
12,5,70,7
20,4,20,10
22,6,80,6
22,6,9,2
9,2,8,6
22,6,62,7
17,2,2,4
16,4,42,3
19,4,84,3
9,3,5,1
19,0,15,2
12,4,54,2
22,0,26,9
22,1,21,7
22,5,88,6
9,3,2,8
9,0,17,5
12,4,30,3
22,5,44,2
17,2,85,9
17,1,13,2
9,0,35,10
16,6,40,2
17,5,78,10
17,2,55,3
13,2,85,4
16,4,72,8
20,3,69,4
20,1,42,6
22,2,11,8
15,4,66,7
19,2,70,2
14,5,62,6
17,1,30,7
9,2,78,9
14,1,87,5
16,1,84,4
18,0,21,7
15,5,59,6
15,6,46,10
14,3,64,5
15,0,81,8
18,2,0,8
16,3,8,9
16,3,10,9
9,4,30,4
15,6,76,7
9,6,77,8
22,6,63,6
22,3,71,5
20,1,43,6
12,2,74,8
12,6,7,2
10,3,41,2
16,6,53,5
20,5,50,7
11,5,29,9
10,0,30,6
15,6,7,4
15,0,41,6
12,3,64,9
17,2,48,5
15,5,27,5
9,6,81,9
12,4,2,4
21,6,70,9
12,3,88,3
14,5,1,10
19,5,0,4
12,0,41,1
22,5,81,1
11,6,20,4
12,6,63,5
15,6,34,9
15,5,26,10
10,5,66,8
21,2,45,2
15,0,14,6
22,5,5,2
19,3,73,2
22,4,41,5
17,2,88,6
13,4,87,1
14,5,39,7
10,5,11,1
15,5,35,5
16,4,40,1
20,2,70,4
20,3,85,5
21,6,47,1
12,2,75,5
17,4,7,1
15,0,5,7
16,2,59,1
14,1,16,8
21,4,63,4
12,0,33,9
12,5,62,4
9,5,73,1
15,2,32,7
18,5,85,9
14,3,66,7
19,2,85,2
20,3,35,9
18,3,29,1
17,5,50,4
11,5,79,4
19,0,61,4
14,4,19,9
17,5,68,3
18,6,30,7
19,0,23,6
20,2,16,7
16,2,53,7
19,4,53,10
10,6,47,1
14,1,4,1
21,5,43,3
13,4,21,7
14,0,42,2
20,3,82,10
17,5,20,7
14,2,5,2
13,6,76,5
19,0,86,10
18,4,4,3
16,6,15,10
17,1,63,10
12,6,13,6
13,4,2,1
22,3,4,1
17,2,77,10
16,6,22,2
21,5,49,10
16,1,12,7
18,3,69,8
12,4,86,1
20,3,69,9
10,6,58,4
9,6,26,3
22,0,10,8
15,1,52,2
16,5,42,6
13,1,7,1
20,5,73,10
13,3,23,2
14,6,7,3
19,6,63,4
15,4,84,9
10,4,12,2
9,2,64,3
22,1,45,5
10,5,57,1
9,0,89,1
12,3,8,5
16,6,26,8
20,0,42,1
12,1,35,7
18,2,22,2
21,2,22,7
19,4,47,5
19,4,55,9
21,1,10,7
19,1,46,7
15,1,70,9
10,4,35,8
16,5,74,2
12,3,39,6
17,2,48,8
14,2,20,4
16,3,50,10
11,6,1,5
22,6,79,3
22,2,38,4
16,1,57,3
21,0,80,1
14,0,39,2
19,4,83,3
11,1,2,7
18,1,69,10
22,5,37,4
15,5,74,6
15,0,63,1
19,0,80,4
17,5,37,9
9,0,29,2
10,3,86,8
19,6,24,7
19,0,45,1
17,0,37,5
16,3,28,4
17,6,14,6
20,4,9,9
16,0,88,7
11,2,3,2
19,0,63,8
19,1,76,7
17,0,36,6
10,4,12,1
10,4,9,4
21,3,16,7
16,5,44,2
10,3,33,10
20,2,0,3
11,4,82,1
11,0,55,5
17,3,2,8
18,4,84,6
16,5,52,9
13,5,48,1
15,3,54,5
19,4,54,10
21,4,23,7
19,2,15,5
15,1,11,4
17,5,34,7
21,3,14,4
17,2,62,10
16,6,3,6
16,6,77,6
21,4,41,7
9,2,86,7
16,0,6,3
13,6,26,5
21,2,3,5
20,3,64,1
16,1,62,7
17,6,0,5
15,3,24,7
12,5,46,10
10,4,81,2
16,4,55,9
15,3,27,6
18,2,50,2
15,6,62,1
13,6,46,9
21,3,13,7
12,0,42,7
17,0,84,1
14,6,46,7
21,2,86,4
10,4,2,10
16,2,2,8
20,1,7,8
14,4,53,10
13,4,41,7
20,0,25,3
10,1,53,1
21,0,8,5
11,4,54,7
15,2,26,5
11,6,54,4
17,5,20,1
18,6,64,2
9,0,46,4
10,4,20,10
20,6,47,3
14,2,65,3
15,3,47,10
17,6,56,8
11,3,4,5
21,2,77,3
12,1,79,8
18,0,82,3
12,5,47,2
11,1,8,7
20,1,85,6
21,1,4,2
12,3,46,8
12,0,31,2
12,5,38,2
18,5,60,3
19,4,62,2
19,2,60,1
15,4,22,10
11,5,86,8
11,5,75,6
14,3,62,2
13,2,31,4
22,3,49,6
9,3,77,6
22,0,74,2
16,2,31,8
9,3,80,1
10,0,47,2
10,2,3,8
19,6,64,2
20,0,57,3
15,5,0,1
17,4,6,3
18,3,87,2
21,4,84,3
10,3,43,1
18,4,66,5
18,0,20,8
15,5,56,1
20,5,55,6
19,4,80,5
9,2,39,8
11,5,20,7
17,6,33,9
15,6,89,7
11,0,62,9
15,0,69,5
22,3,3,6
21,2,33,5
14,6,42,8
21,0,6,4
19,5,46,5
21,0,8,10
14,4,23,1
12,0,38,2
20,6,0,7
9,4,23,1
13,4,49,8
15,1,30,1
10,0,3,4
19,1,41,2
20,0,35,3
15,6,70,3
9,5,67,7
21,1,6,1
21,2,2,7
11,5,14,1
15,4,7,10
10,0,77,9
15,1,6,6
16,2,29,3
9,0,51,3
18,2,0,3
15,1,84,8
20,0,59,2
13,2,30,5
21,0,46,2
18,0,13,8
20,6,80,5
15,4,22,2
22,2,24,9
16,3,87,4
13,1,71,8
10,0,45,3
12,3,32,7
20,5,2,4
13,0,45,3
18,5,55,10
19,1,76,4
20,2,21,6
19,2,60,7
9,1,64,10
17,4,70,9
22,0,88,2
14,1,40,5
19,2,19,9
21,3,62,8
11,6,31,9
22,1,71,1
18,2,43,3
21,3,35,5
22,3,53,10
13,0,37,7
14,4,65,10
18,0,11,1
12,3,65,1
16,6,36,9
13,2,13,8
17,0,30,7
19,1,14,5
10,3,25,7
9,2,79,2
12,4,46,9
9,6,39,6
18,4,24,9
16,4,29,2
16,4,34,10
22,6,65,5
18,5,22,9
13,4,81,1
14,0,79,4
12,0,11,10
9,6,5,8
22,1,40,7
16,0,47,3
13,5,58,9
17,1,80,2
11,6,85,7
19,3,67,1
11,4,72,5
18,3,32,1
19,0,45,10
9,1,31,8
9,2,86,8
19,1,49,10
21,1,72,2
22,0,30,9
10,4,70,8
20,6,48,7
18,0,25,2
10,5,48,7
19,5,16,4
18,2,30,9
12,5,24,4
12,3,70,7
10,3,50,2
13,5,30,8
9,0,48,8
14,4,77,9
10,6,43,9
20,4,87,2
14,4,0,8
13,6,25,8
21,3,69,1
20,1,59,9
20,6,87,1
22,5,11,8
18,1,42,2
16,4,12,5
22,6,68,8
11,1,16,7
11,2,82,2
15,4,12,6
13,3,76,7
20,2,3,10
21,6,54,4
15,1,11,9
18,5,4,6
20,1,50,10
21,6,31,1
17,3,27,10
20,0,58,4
9,2,64,8
10,6,0,10
17,6,78,10
13,1,88,6
15,3,54,9
15,4,10,3
15,5,73,2
9,2,12,4
10,4,61,10
10,1,23,6
19,0,0,7
19,1,58,1
15,5,18,9
17,0,86,9
20,3,52,8
14,6,83,6
17,4,39,7
21,0,4,3
18,1,34,1
21,5,82,4
16,5,54,5
22,6,47,9
20,4,35,1
14,5,40,7
16,5,87,3
13,5,72,2
10,6,47,7
19,0,87,10
14,2,63,10
17,1,30,3
16,3,79,6
12,1,52,2
12,1,0,3
17,6,2,8
22,2,56,5
15,6,13,2
19,1,78,4
12,3,5,1
13,4,78,5
21,1,20,9
18,3,69,10
21,5,61,5
12,3,21,9
19,3,19,3
18,0,75,7
18,3,82,7
20,0,46,7
13,3,18,2
18,5,57,6
9,4,30,10
9,5,63,7
10,6,25,1
11,6,67,6
16,5,48,8
12,4,21,3
18,0,10,9
11,2,56,7
16,5,48,2
13,3,26,8
15,2,7,1
18,5,8,3
17,0,40,8
9,3,36,1
14,4,71,10
9,0,85,10
10,3,51,9
9,4,81,7
11,6,49,5
17,5,37,6
10,2,8,4
11,6,48,3
14,1,70,8
17,1,62,8
13,0,70,3
12,2,24,6
15,4,40,9
13,5,39,7
9,2,3,6
18,4,1,1
21,3,78,8
11,2,21,10
22,0,69,10
22,6,31,6
15,3,88,1
9,5,34,4
19,4,12,6
19,6,19,8
15,2,9,7
20,1,30,1
19,0,36,6
22,2,61,4
16,3,87,7
9,6,64,8
17,4,42,5
9,6,0,5
15,1,79,10
19,3,70,2
13,1,67,10
17,6,70,8
11,4,25,1
19,5,34,4
20,4,88,5
21,2,76,10
19,6,34,4
19,5,80,5
13,3,75,10
20,5,86,2
9,2,78,3
11,6,11,10
20,6,62,10
21,4,27,5
13,3,72,4
10,3,26,9
9,6,50,4
21,6,26,5
11,4,5,1
17,2,61,1
22,2,83,6
22,1,35,6
20,0,40,7
13,2,46,7
21,0,89,1
22,5,74,4
9,3,37,7
19,1,23,3
18,2,85,6
18,2,19,6
10,5,13,3
9,3,69,2
15,3,88,5
14,3,50,5
13,0,84,4
9,6,33,8
21,3,44,1
22,5,10,10
11,1,49,5
9,5,83,7
17,5,56,7
16,3,66,8
11,4,65,10
20,6,75,6
13,2,89,9
22,2,89,4
19,0,63,2
12,3,55,8
18,2,88,6
11,0,85,1
9,6,72,9
13,3,25,6
19,6,66,6
14,4,49,5
11,3,39,10
13,3,42,4
16,0,11,4
12,4,30,10
18,1,12,1
14,6,42,2
9,3,36,1
11,2,22,8
16,5,45,4
10,5,14,8
15,1,48,9
11,4,72,6
9,1,23,10
19,6,42,6
20,4,37,10
18,5,28,2
20,1,47,3
19,6,50,7
14,1,78,2
22,5,38,9
17,2,61,1
22,3,67,6
16,3,2,4
20,4,76,3
15,5,70,4
12,1,4,1
14,2,68,10
16,0,14,4
17,6,9,5
15,2,34,8
12,4,82,1
16,4,84,6
11,6,66,2
21,0,10,3
15,6,35,5
22,5,4,5
10,0,34,3
14,2,0,5
12,5,13,9
18,5,77,9
9,2,10,10
13,4,60,4
21,4,78,5
19,5,44,3
14,0,14,6
13,4,28,1
15,4,75,9
21,4,33,10
19,6,7,5
16,1,78,8
12,5,11,1
17,3,18,9
10,2,74,3
16,6,47,1
10,3,41,5
12,1,73,4
11,2,6,9
13,0,71,3
14,3,20,3
14,0,68,1
9,4,39,2
19,2,19,9
9,3,47,3
21,5,34,4
15,6,7,6
15,6,88,7
12,0,43,3
14,6,80,5
10,4,14,9
11,1,40,8
9,0,64,6
10,2,32,7
11,5,54,1
11,4,81,8
14,4,31,2
20,5,42,1
13,1,31,3
11,2,39,9
14,0,84,9
17,4,5,6
12,4,3,5
11,3,78,1
16,3,55,6
17,0,4,8
17,0,48,5
15,4,14,2
15,2,79,1
22,3,16,9
18,5,1,4
16,3,68,4
19,4,15,6
20,5,86,9
11,2,3,2
15,3,14,4
11,0,53,10
20,6,3,8
13,4,64,7
11,1,73,6
10,4,40,5
20,5,24,10
14,6,1,9
16,1,75,1
17,6,60,3
18,6,32,5
21,4,28,10
16,0,66,8
18,1,5,4
15,3,73,1
10,3,12,2
18,1,40,9
17,4,14,8
15,0,88,8
20,0,70,3
13,6,28,5
21,5,70,6
12,6,7,7
10,6,3,10
10,3,14,5
22,2,67,9
9,3,86,6
10,4,51,1
17,6,74,8
17,1,77,5
22,0,88,5
15,2,42,6
19,5,81,7
16,1,45,7
19,5,42,7
22,2,24,6
9,1,65,3
16,5,79,10
22,5,23,2
22,5,69,3
16,1,81,10
17,4,35,9
11,1,49,1
21,2,59,1
16,5,10,2
11,2,5,5
16,4,77,10
19,6,55,8
10,3,76,4
9,3,18,5
15,5,57,8
17,2,68,3
15,1,52,5
9,1,71,1
17,3,87,8
14,4,84,10
19,5,7,2
12,3,32,1
21,0,37,1
13,2,39,6
9,0,83,7
20,4,37,6
17,1,31,1
15,6,89,3
12,1,6,3
16,3,27,7
19,3,52,10
21,3,85,6
21,2,20,4
13,2,29,9
20,2,87,4
20,6,44,3
16,2,1,1
14,5,26,8
15,2,3,9
18,2,20,2
21,5,65,4
13,2,21,5
9,3,38,7
17,4,19,1
17,2,52,10
16,6,76,5
13,6,29,4
14,0,68,10
21,6,33,7
9,2,48,3
9,1,77,2
20,2,65,2
17,3,18,6
11,5,47,4
20,4,61,9
21,6,19,5
9,2,9,2
19,2,3,4
18,4,7,5
10,3,25,10
17,2,16,9
19,2,41,9
14,3,87,7
9,6,50,9
18,6,72,1
22,0,58,2
20,4,78,5
14,0,20,10
20,1,43,4
12,2,52,9
22,3,86,9
13,3,55,8
13,5,51,4
17,1,3,7
21,1,22,7
13,5,20,8
16,3,69,5
11,4,88,9
14,1,15,2
18,5,83,1
22,3,53,4
20,6,52,6
10,1,31,9
10,0,7,7
15,0,61,9
9,3,85,3
14,2,77,5
10,6,78,3
12,6,15,5
17,6,12,2
10,1,20,3
12,2,22,1
20,6,25,5
15,0,45,3
18,3,1,7
15,6,31,7
9,4,33,10
14,5,25,5
13,0,79,5
15,0,63,7
10,2,37,6
22,2,79,5
17,3,1,3
9,2,34,7
17,3,0,4
12,2,67,7
16,5,59,5
14,3,50,5
22,3,39,7
15,0,65,1
12,0,48,7
9,1,24,9
18,5,68,7
15,6,22,8
13,3,31,6
10,2,56,1
22,3,11,4
11,0,78,5
19,6,65,5
19,2,4,10
17,1,31,8
14,3,58,9
19,5,28,10
15,4,14,5
14,4,3,1
19,6,16,3
9,1,89,3
10,1,85,9
9,5,31,5
19,0,65,7
12,4,38,7
21,0,69,8
10,4,5,1
18,2,35,9
14,5,26,7
13,3,36,7
15,0,11,10
12,1,21,1
11,0,6,9
21,6,10,9
10,3,69,7
13,4,63,6
19,4,12,2
17,5,12,2
17,1,80,9
14,0,72,1
21,6,19,1
19,2,8,3
12,1,39,10
9,5,44,7
20,5,88,8
16,2,34,1
15,1,4,4
10,1,12,8
21,3,28,1
12,0,22,7
12,4,36,3
21,1,88,7
11,4,89,7
19,4,85,8
16,2,57,5
13,0,3,6
17,6,73,3
20,4,55,10
9,6,49,9
14,0,69,2
19,5,73,1
20,0,47,1
13,5,71,10
19,4,61,6
10,0,78,6
17,0,52,10
9,5,81,3
18,1,36,1
22,5,56,3
18,3,31,4
22,2,48,3
15,3,80,4
10,3,85,5
11,6,16,8
22,3,71,5
13,1,52,8
15,4,64,6
16,2,3,1
19,4,40,5
11,3,5,2
15,0,84,4
12,0,39,5
15,5,64,8
9,5,73,10
9,4,87,1
9,3,30,7
17,4,19,1
11,1,65,9
17,4,4,9
9,5,38,5
16,2,37,4
11,2,45,6
10,2,26,7
14,6,56,1
9,2,39,9
19,3,69,1
9,6,29,1
13,2,37,4
18,6,39,4
22,3,64,8
20,6,55,8
22,3,63,10
10,4,81,4
11,3,28,6
22,0,64,8
15,1,58,1
22,3,85,1
17,1,57,4
13,6,57,4
9,3,66,5
14,0,38,10
17,5,13,1
22,5,53,10
17,4,43,6
10,6,85,6
12,5,87,2
15,3,16,1
14,5,86,4
13,2,55,8
16,6,17,1
15,4,29,6
21,3,83,10
10,6,35,10
17,4,23,1
20,3,7,3
12,2,8,10
19,1,9,2
15,0,79,6
10,0,57,4
20,2,0,9
15,6,88,8
17,4,83,5
17,3,89,6
17,2,11,4
9,4,76,7
16,0,5,2
11,0,46,1
9,5,32,6
17,5,27,6
18,4,79,4
10,2,48,1
21,5,44,6
13,5,28,8
20,0,1,9
17,1,61,4
21,6,68,6
20,1,3,8
18,0,9,7
14,6,83,5
18,3,73,6
22,2,19,6
20,0,60,4
20,3,3,5
9,1,1,3
19,3,33,7
13,1,28,8
16,6,72,8
17,4,30,5
15,3,85,10
15,5,76,3
13,5,9,7
20,3,18,3
22,4,44,1
21,6,11,10
21,4,27,10
16,1,17,8
18,5,41,3
15,5,40,9
21,1,29,4
20,0,53,5
9,3,23,2
17,0,47,9
19,2,46,9
12,4,37,9
22,2,73,4
12,4,25,1
16,0,7,2
21,0,72,9
13,5,6,7
17,6,79,5
13,2,56,1
21,3,56,6
17,2,9,1
17,0,21,1
19,6,27,10
19,2,81,10
14,2,68,10
20,3,16,6
20,1,57,10
20,1,25,5
16,3,53,1
15,2,18,9
15,0,58,2
9,6,21,2
12,6,17,8
19,0,83,8
22,0,13,9
17,4,20,4
13,3,46,7
18,2,85,5
14,1,60,4
18,3,47,6
15,1,87,7
17,4,32,4
15,6,63,7
10,6,68,3
22,4,1,3
22,3,41,7
11,2,63,9
13,4,82,8
18,2,62,3
20,3,7,6
17,5,6,1
12,6,74,6
10,1,7,2
9,1,45,7
18,4,12,5
16,4,29,7
18,5,11,9
9,4,18,9
21,0,26,2
20,6,50,4
19,3,20,8
14,6,78,5
21,6,10,7
15,0,0,6
21,0,41,2
22,4,75,8
17,3,48,6
17,0,30,2
22,6,39,5
9,3,31,10
21,2,80,4
19,5,80,5
12,6,68,7
18,0,31,6
17,4,57,6
17,4,60,6
15,0,85,6
20,1,14,10
11,6,87,7
22,2,74,4
11,6,54,4
22,2,32,1
11,5,27,1
16,6,59,8
22,4,81,6
10,5,53,2
19,3,83,3
13,6,13,3
22,3,73,7
16,0,5,9
16,6,24,6
20,2,67,5
18,1,6,8
19,5,22,5
10,0,48,10
19,4,52,10
9,3,20,7
21,6,47,1
18,4,40,8
13,3,46,3
9,2,18,8
17,3,70,4
9,1,10,9
20,5,4,3
22,0,18,4
19,5,46,2
9,0,51,7
18,2,2,9
9,3,21,2
22,1,80,9
22,4,25,6
15,6,47,7
15,4,11,9
20,5,34,4
17,1,59,9
12,1,13,2
17,5,54,10
16,5,78,6
9,0,27,7
13,5,30,9
12,4,8,3
10,0,24,5
14,3,85,6
15,4,60,5
14,2,1,10
12,2,67,5
15,2,42,4
18,3,28,10
13,4,52,1
10,5,75,3
11,4,29,3
21,4,57,6
21,1,29,4
17,1,78,7
17,6,72,3
11,1,32,6
11,0,17,7
15,3,84,1
19,4,37,3
14,4,73,1
21,2,20,4
9,1,86,8
13,2,82,6
22,2,63,3
20,4,73,10
20,0,35,6
18,5,66,3
13,1,40,5
13,1,3,6
18,0,84,10
22,1,21,8
12,3,18,9
10,4,26,8
16,2,43,7
22,0,0,9
16,6,48,5
17,4,71,4
9,4,55,4
15,2,56,6
20,0,69,1
11,6,28,1
15,1,17,7
18,2,60,1
15,0,55,6
16,3,88,2
15,4,76,7
15,3,19,5
21,3,87,9
15,6,44,6
21,6,76,3
17,0,16,1
13,2,35,1
15,0,74,1
17,1,20,10
21,3,88,9
13,2,43,9
15,0,73,9
14,4,23,4
10,5,36,2
15,0,54,7
21,6,81,8
13,1,64,3
14,0,83,4
12,2,31,9
14,3,75,2
17,5,30,3
12,5,31,7
19,1,74,2
13,2,88,8
17,3,10,9
14,0,14,8
11,2,81,10
15,3,33,2
15,6,41,6
21,0,21,2
18,4,20,4
13,5,35,3
19,5,31,5
12,4,32,7
15,4,87,9
18,0,72,4
9,2,58,2
21,5,77,7
21,6,52,6
16,3,51,1
13,1,86,2
12,5,74,1
22,4,32,3
9,5,7,2
14,6,11,1
19,1,49,5
17,0,5,4
17,3,71,8
22,1,66,7
13,0,43,6
17,2,69,10
14,3,74,9
17,1,88,6
15,1,23,7
11,5,79,9
14,1,80,7
11,3,8,7
21,3,34,1
9,2,32,2
19,6,69,5
20,3,13,9
16,0,87,2
18,3,38,3
11,1,8,1
18,2,89,8
9,0,88,6
14,1,82,3
14,6,74,6
21,5,68,1
20,0,82,8
16,3,7,4
20,4,5,8
20,5,51,3
13,4,18,7
15,4,49,5
17,4,59,10
18,5,19,9
21,3,70,6
11,5,34,10
11,4,80,7
15,0,68,1
10,6,27,9
16,6,78,2
11,3,5,5
20,0,41,1
15,5,11,1
19,4,76,3
10,3,20,8
16,1,84,4
21,0,50,7
10,0,68,4
19,0,82,8
21,4,1,6
18,2,56,2
14,2,43,9
22,1,46,8
21,5,74,2
17,5,70,7
16,4,85,4
14,3,83,3
16,1,52,7
16,0,4,7
20,2,26,6
15,0,89,6
19,4,31,4
12,1,73,4
15,4,70,10
21,3,20,3
9,2,1,7
19,6,57,7
12,1,45,4
15,4,40,6
19,5,85,2
9,6,1,6
15,5,63,10
17,6,78,9
22,6,64,2
12,0,24,5
20,4,83,3
13,2,76,2
12,6,1,1
20,3,44,2
20,6,47,8
12,4,27,5
15,6,27,5
16,5,83,2
15,5,35,9
20,0,39,7
14,3,8,1
10,4,53,8
18,0,80,1
22,4,42,6
21,1,66,8
14,3,87,2
13,0,59,2
11,1,56,1
17,0,3,5
10,0,78,8
19,4,88,4
13,3,32,8
12,3,28,7
10,1,47,6
10,3,41,9
20,2,65,4
10,0,78,5
20,3,5,4
15,4,54,4
18,1,42,9
13,5,17,2
19,4,44,6
22,1,79,2
21,0,31,6
12,1,87,10
9,5,80,3
18,4,10,9
16,1,22,2
20,1,66,9
10,6,42,1
17,0,47,4
16,2,68,9
16,4,25,4
17,2,7,6
22,0,88,7
22,4,46,9
20,6,57,10
9,5,83,2
15,3,76,7
22,3,26,10
15,1,71,1
11,5,3,5
20,2,70,3
11,5,82,3
17,5,40,2
12,4,61,1
19,2,38,3
20,3,54,8
19,4,72,1
9,4,77,9
16,2,4,4
19,3,43,8
17,3,27,7
14,4,2,4
21,3,45,2
14,1,28,7
18,2,5,6
11,6,63,1
18,0,69,2
15,3,87,5
22,5,52,5
9,0,43,10
22,6,47,4
9,5,43,7
18,0,67,3
18,2,3,4
14,2,41,2
17,1,44,9
21,0,18,7
19,3,26,4
12,0,71,3
18,1,20,5
21,0,36,5
19,4,23,4
13,0,34,10
15,5,39,1
21,4,82,5
22,1,51,5
12,1,31,5
17,6,16,6
11,6,62,5
13,1,34,3
15,5,70,6
9,4,50,6
13,5,70,8
19,0,12,6
19,1,75,10
10,1,2,3
21,1,86,6
15,6,42,3
18,5,19,4
19,2,35,8
20,6,77,6
11,3,39,2
17,2,22,4
17,1,4,2
12,2,18,10
14,3,77,1
12,0,42,10
10,0,80,3
17,0,70,10
19,6,56,7
16,0,17,7
13,3,48,8
15,2,28,2
21,5,82,6
16,4,29,3
18,1,8,8
22,4,26,8
9,1,69,9
12,1,56,4
14,3,44,7
10,4,84,4
9,4,74,8
18,0,77,6
18,4,3,6
19,2,52,2
18,1,69,5
17,0,6,1
20,4,49,8
9,3,57,7
17,6,16,6
10,1,16,4
20,3,43,8
10,2,23,3
22,1,21,3
10,6,39,2
9,1,85,4
21,6,22,2
15,4,42,4
18,1,52,2
10,0,4,3
16,6,66,5
18,6,55,10
14,5,2,8
10,3,41,8
20,0,26,3
14,1,1,3
16,6,66,7
9,2,1,9
14,5,50,7
14,2,62,7
20,1,20,6
17,0,56,2
17,0,21,8
19,3,21,2
22,1,79,10
14,5,38,3
19,4,55,5
12,2,54,5
11,6,22,10
16,4,61,7
11,4,20,7
17,2,76,1
10,1,32,4
14,1,18,6
19,0,11,8
21,6,84,4
15,3,68,5
21,1,55,2
20,4,28,5
12,1,79,5
9,4,86,9
20,3,39,4
17,6,42,4
12,6,44,9
13,6,26,1
9,5,36,10
18,4,62,6
20,3,12,1
21,6,33,10
12,1,80,3
12,4,5,1
19,1,40,10
20,3,16,10
11,3,58,2
10,4,22,4
10,1,1,6
21,5,87,9
17,2,75,2
12,5,41,7
18,2,67,2
10,2,62,5
13,4,4,6
10,5,20,4
18,1,82,10
18,3,1,4
10,2,52,8
17,6,30,8
17,1,26,7
9,6,15,2
14,1,37,3
14,0,24,5
12,0,9,2
20,2,53,6
16,4,40,4
16,4,49,5
11,0,6,5
21,4,22,3
11,2,20,9
18,1,27,1
19,5,8,10
22,1,89,1
20,4,40,2
9,5,69,8
14,3,45,7
21,1,11,6
18,3,87,1
13,0,43,1
15,4,50,7
20,0,11,9
15,1,43,6
12,6,71,9
11,6,62,3
12,6,77,10
19,1,27,8
12,0,81,5
17,4,69,9
15,6,4,4
19,0,17,2
15,2,86,7
15,6,53,3
11,0,19,10
17,1,64,3
19,6,40,3
22,4,82,2
15,3,57,10
18,1,81,7
10,3,57,3
18,1,22,2
18,6,37,2
16,5,24,8
11,4,31,1
14,1,20,1
9,3,79,9
19,2,33,8
17,4,53,1
18,5,40,3
9,2,41,2
10,4,86,8
16,4,42,5
14,1,64,7
18,5,5,2
16,4,32,8
17,4,61,4
15,4,73,8
22,2,4,6
13,4,59,1
15,4,11,9
10,5,0,7
20,3,29,2
14,1,71,7
15,4,61,7
10,2,4,3
17,5,52,3
11,3,40,3
10,4,72,3
16,6,64,5
18,4,30,9
11,4,76,3
10,0,42,5
13,1,88,2
11,6,31,3
11,6,12,10
17,0,55,4
15,3,56,6
10,0,12,7
16,3,18,4
12,1,27,10
18,2,33,3
16,1,44,7
21,6,5,6
11,4,58,6
16,6,28,6
22,1,34,9
19,6,8,7
21,5,70,7
14,2,73,8
13,0,25,9
12,3,63,4
22,1,74,10
11,5,86,1
15,4,20,5
10,4,53,5
10,3,31,2
21,1,57,4
22,0,17,6
15,0,12,6
20,1,21,6
11,0,18,10
9,2,27,7
12,6,59,5
20,5,40,2
10,1,18,7
20,1,85,6
20,6,88,6
22,4,27,4
9,2,68,9
9,5,8,1
12,1,40,9
14,3,80,1
20,4,10,10
15,6,67,2
21,3,3,10
22,3,41,8
14,3,30,7
12,3,84,7
10,2,59,1
22,0,7,2
14,1,75,7
20,3,88,4
15,0,51,10
18,5,31,2
21,5,57,6
14,2,53,3
18,4,85,8
11,4,8,2
17,4,65,4
19,3,8,6
9,5,56,2
16,3,10,10
16,5,66,7
12,6,38,1
11,1,30,6
20,6,63,3
9,5,58,2
15,5,76,7
18,2,39,1
17,2,83,10
21,5,51,7
18,0,51,8
19,2,32,6
11,3,4,8
11,5,41,1
14,0,83,10
12,4,31,8
11,4,3,9
10,5,13,8
20,0,73,9
9,1,78,7
10,0,35,4
9,5,9,6
15,3,3,10
14,5,64,10
20,0,34,3
9,5,33,2
12,6,78,4
15,3,11,5
12,4,26,10
12,1,87,9
9,6,59,1
15,6,13,2
21,3,76,9
18,0,37,4
15,0,55,7
9,5,63,3
12,6,21,9
15,1,2,10
20,2,35,8
11,2,29,1
14,1,58,2
14,6,13,8
11,3,69,3
19,0,21,3
15,2,28,8
16,5,4,3
14,6,0,4
17,3,74,10
19,4,47,8
14,4,55,6
20,0,65,4
15,3,83,10
16,3,7,6
22,2,53,7
20,6,53,2
18,3,53,8
14,3,89,4
17,1,24,4
20,6,53,9
11,1,19,4
13,2,71,2
22,6,48,8
20,4,60,3
18,2,2,5
14,5,74,10
14,3,50,9
18,5,30,4
12,5,25,7
16,4,69,4
19,2,86,2
21,1,55,4
22,3,42,10
13,0,14,9
16,4,70,6
13,6,83,6
19,5,30,9
10,0,26,3
13,1,60,7
22,1,9,10
9,3,9,9
17,4,39,9
11,3,16,6
16,4,55,6
12,5,71,3
22,3,31,5
22,0,65,2
18,4,55,3
16,0,86,10
13,6,40,2
10,2,54,5
11,2,34,6
16,4,28,7
21,6,43,2
18,5,54,5
20,2,35,10
20,5,59,7
19,1,31,3
17,4,39,10
14,3,1,2
10,6,66,4
14,3,14,5
13,1,25,8
11,6,88,7
18,1,13,5
10,5,87,9
11,5,34,8
17,2,47,4
21,1,74,3
9,4,33,9
10,4,8,4
13,2,29,8
19,0,36,4
19,4,75,7
20,4,38,4
18,0,6,4
12,0,36,3
10,1,42,10
17,6,58,6
10,2,54,10
17,5,20,1
20,1,47,3
12,4,81,6
15,5,31,1
19,6,62,8
14,4,72,2
21,2,62,5
15,0,47,6
10,2,60,1
11,0,7,10
17,5,88,8
13,4,48,4
10,3,62,1
16,5,30,9
18,6,23,3
20,6,64,5
22,1,80,10
12,4,8,8
22,4,86,6
22,3,21,8
16,6,83,2
22,2,13,7
15,1,79,4
9,6,41,7
9,6,32,9
9,1,26,5
16,6,16,5
11,4,41,6
9,0,29,5
9,6,48,3
10,1,17,4
22,3,9,4
12,3,53,7
15,6,10,4
15,2,87,1
21,1,11,2
21,0,54,7
17,0,88,10
10,2,55,5
11,6,69,5
21,6,28,1
20,3,35,2
12,0,44,3
17,5,47,5
18,2,77,1
12,6,3,4
12,4,67,2
11,1,68,4
17,4,74,10
20,2,87,3
15,4,64,4
13,3,4,2
11,2,62,9
16,3,47,9
16,3,3,5
11,4,21,1
22,1,27,3
15,1,54,1
17,4,16,4
20,5,78,8
13,5,53,6
11,0,81,9
11,1,86,10
15,5,80,4
12,4,72,5
14,6,85,7
17,1,89,3
14,0,19,4
10,2,42,9
13,0,56,10
13,6,9,5
22,4,0,1
17,6,63,1
20,3,16,10
21,2,12,2
14,0,7,2
22,3,85,6
21,3,59,6
10,5,25,9
9,5,25,8
11,1,2,8
21,6,29,7
12,4,9,8
22,3,46,2
9,5,84,6
22,6,45,8
19,6,69,8
15,3,26,5
15,3,29,10
9,1,59,2
11,4,24,2
17,0,34,1
10,3,44,7
14,6,53,2
15,4,23,4
22,5,19,1
13,1,47,8
14,3,78,2
11,2,48,4
18,1,46,7
15,6,15,7
22,1,26,2
13,0,62,8
12,1,62,2
15,5,65,4
18,4,22,5
15,5,4,7
19,1,74,4
9,6,21,3
11,2,54,10
21,4,57,8
14,1,37,3
14,5,61,6
13,0,65,8
12,4,79,6
20,4,37,2
21,2,0,9
14,6,18,3
21,2,50,8
14,0,29,8
15,4,69,4
9,6,3,6
12,0,75,5
20,1,12,6
20,4,41,6
22,1,2,10
9,3,36,5
13,6,67,8
19,6,57,7
17,3,82,5
10,2,60,3
16,5,64,1
16,6,74,8
21,5,28,10
9,2,51,1
9,1,14,9
16,4,63,9
11,3,12,2
15,5,61,6
9,2,67,5
22,2,60,9
21,3,25,9
17,5,72,3
20,4,85,6
14,4,63,1
19,1,15,4
14,2,45,2
17,0,78,3
16,4,48,5
13,6,22,1
21,2,64,6
20,4,70,9
9,2,31,10
20,6,35,4
12,3,1,7
19,5,68,10
14,0,46,7
13,2,12,1
15,4,14,6
19,6,87,8
18,5,27,5
12,1,24,9
21,5,27,2
15,5,69,2
9,0,7,7
9,3,47,5
12,6,41,3
13,2,78,2
12,2,72,5
16,2,40,2
22,5,82,3
18,0,82,7
22,6,59,3
20,4,34,6
10,3,83,4
17,3,48,9
9,4,29,1
15,6,63,5
17,6,60,2
13,6,39,9
14,5,32,1
18,6,67,2
21,4,56,10
14,0,28,2
14,2,83,7
17,6,79,7
9,5,48,6
20,0,60,5
22,3,6,6
20,2,31,10
13,1,26,4
19,6,19,3
20,1,48,2
16,0,62,4
13,1,36,5
15,3,51,1
13,0,4,8
16,4,3,10
13,3,20,4
11,5,72,4
14,3,46,2
18,5,51,8
10,5,75,2
12,1,54,7
13,1,24,6
9,1,18,8
16,1,45,1
19,2,61,10
10,4,66,2
14,2,73,8
14,5,34,4
13,3,9,9
19,3,41,2
18,3,80,3
14,1,13,7
15,6,72,2
11,0,23,10
20,0,75,4
15,5,12,5
21,4,68,6
12,3,82,1
14,3,73,8
11,6,57,6
22,2,68,2
11,5,50,1
22,3,87,9
16,6,28,2
13,2,34,4
9,0,2,3
10,2,13,2
20,1,54,2
10,5,25,1
9,6,52,8
21,3,16,2
13,2,77,5
10,1,33,8
14,5,61,6
22,4,52,8
14,5,13,6
10,4,74,4
19,2,89,6
10,6,57,4
21,0,56,4
12,3,84,5
13,5,41,5
16,5,5,7
20,1,84,6
15,3,81,1
13,2,54,3
9,5,3,4
17,1,5,5
14,3,1,10
18,5,29,3
14,6,79,1
22,3,89,6
21,5,18,3
16,5,24,9
20,5,40,9
9,0,55,9
18,0,39,7
14,4,68,2
17,0,50,8
21,0,55,5
21,2,9,9
12,0,32,8
10,1,61,3
22,1,57,8
20,4,13,5
21,0,18,6
16,0,51,2
16,4,38,3
22,2,2,9
20,0,6,9
13,2,3,8
11,5,80,3
13,2,41,3
17,2,74,8
16,0,65,3
16,3,72,5
22,0,53,8
21,1,26,2
22,3,40,9
14,0,89,1
18,4,33,4
20,0,87,6
18,3,37,8
18,6,8,8
21,5,43,5
19,2,38,7
13,1,41,3
17,4,35,3
22,5,4,9
9,4,66,7
10,4,7,3
20,1,47,2
21,6,2,7
14,0,66,9
16,2,20,3
22,0,60,4
17,2,63,10
9,2,48,2
15,0,71,5
19,4,72,8
18,3,5,4
16,4,48,9
16,4,13,5
12,0,44,2
16,0,67,10
16,2,42,1
14,3,85,6
9,6,13,7
16,4,11,4
15,3,66,10
21,1,19,4
19,1,65,10
10,3,71,8
21,3,45,7
21,4,86,1
17,5,73,5
22,4,59,4
13,3,71,5
12,6,17,5
15,6,62,10
18,0,12,7
22,6,13,8
16,5,37,7
21,3,42,8
10,3,35,3
9,3,11,10
17,1,13,10
9,0,74,5
13,0,25,6
20,1,49,9
12,5,46,8
12,6,19,9
19,2,40,1
16,0,68,8
22,5,68,8
19,6,34,8
10,3,41,2
12,2,1,9
13,5,68,10
12,3,13,4
20,4,13,8
19,4,45,6
19,5,66,4
20,6,6,4
13,3,73,4
12,3,16,5
11,2,0,9
16,3,17,6
15,6,23,3
18,3,15,7
17,2,3,4
15,6,6,1
21,5,84,2
21,6,25,5
13,1,67,5
21,3,16,8
20,0,56,5
15,1,45,10
17,6,27,10
19,5,62,9
21,6,89,6
14,0,7,8
15,0,20,9
15,5,82,4
18,6,75,8
16,1,17,7
9,2,51,3
12,5,57,10
18,3,11,1
14,3,76,8
17,6,74,8
12,3,82,7
12,0,13,1
15,4,70,7
12,0,34,3
14,0,84,6
15,4,37,10
13,4,69,7
22,0,75,7
22,5,74,5
16,0,86,3
17,3,89,8
14,6,72,1
17,5,7,5
11,4,71,6
11,6,69,7
21,2,35,1
15,4,51,4
21,0,24,2
15,4,82,5
11,6,57,6
11,4,56,10
19,1,41,6
16,1,9,4
15,2,25,6
17,2,39,3
10,2,81,6
11,0,37,9
22,5,84,7
20,4,5,7
12,6,8,4
10,2,11,2
18,5,87,10
22,0,28,5
17,6,63,3
16,2,24,3
13,5,49,5
13,0,44,3
20,3,29,4
16,2,11,4
14,4,77,7
11,1,20,9
16,6,76,7
16,6,7,2
15,4,62,6
16,0,37,4
13,5,48,7
12,6,34,3
21,6,85,10
9,1,2,4
13,0,42,8
11,3,77,5
12,3,58,5
14,2,55,2
13,1,51,1
14,0,85,4
18,6,48,2
14,2,6,1
17,5,38,9
10,2,24,4
20,6,88,3
19,3,39,1
11,4,7,2
21,0,22,10
19,1,50,3
18,3,31,5
18,3,11,3
21,3,3,5
16,0,87,10
21,2,49,1
12,1,76,3
21,5,24,6
13,6,82,7
21,0,11,1
12,3,36,9
21,4,18,1
22,2,26,6
17,6,38,5
17,1,46,10
16,5,10,2
9,6,59,2
18,4,61,6
15,0,79,6
9,1,2,8
19,6,23,7
19,4,61,6
12,4,20,1
16,3,50,7
14,4,24,6
13,1,30,6
10,3,42,7
13,4,68,6
11,3,9,7
13,3,27,3
18,5,31,3
14,1,56,8
11,6,53,10
12,2,72,4
11,3,27,7
21,4,2,9
10,6,52,4
13,2,29,9
17,0,17,8
11,1,87,10
16,6,79,5
15,3,11,5
21,0,30,6
12,5,16,9
19,0,66,2
13,2,85,9
17,2,86,10
18,4,29,7
12,3,34,1
20,1,9,8
14,3,52,2
17,6,19,2
20,5,76,2
20,2,9,3
12,6,64,5
13,0,15,9
16,6,31,7
19,2,61,4
17,2,34,7
21,0,24,10
11,5,4,1
20,2,23,8
10,6,45,2
10,5,75,6
18,6,1,5
11,5,32,7
15,3,8,4
18,3,88,4
21,6,62,9
12,4,31,2
14,0,28,7
16,6,12,10
15,6,86,4
10,1,74,5
14,6,27,3
14,1,83,5
20,5,29,10
15,1,61,1
9,2,25,2
10,0,66,5
20,4,44,9
22,2,34,10
20,1,81,10
10,0,79,8
15,2,77,1
19,3,27,4
9,3,9,6
18,5,32,5
14,2,19,4
9,3,26,4
21,4,84,4
21,3,51,2
18,6,51,3
18,3,86,3
9,0,85,3
20,5,46,10
17,1,29,8
15,2,47,6
19,2,2,9
22,2,23,7
10,3,62,9
16,1,69,8
20,4,74,4
22,3,70,1
11,0,85,3
14,4,60,3
15,5,64,3
15,6,75,8
10,0,66,5
12,4,75,6
14,6,29,10
13,6,36,5
18,3,47,4
14,1,71,6
15,2,48,6
16,6,70,8
11,6,73,9
9,4,57,5
13,5,56,4
13,3,79,8
15,2,45,6
12,0,48,9
11,6,84,2
13,3,16,2
21,6,42,2
11,4,58,6
17,1,45,5
21,1,56,3
21,4,54,10
21,5,22,1
21,5,86,10
22,3,63,6
20,6,18,9
16,3,30,5
19,6,15,8
21,3,89,4
11,4,88,4
16,1,53,2
9,5,33,1
15,0,58,7
14,1,64,7
18,1,30,7
13,6,13,10
18,5,78,9
17,1,70,9
22,0,30,9
19,6,4,9
22,3,23,10
20,6,8,6
20,6,68,9
14,1,37,7
21,2,5,8
19,6,9,8
18,3,52,10
19,1,51,6
10,5,68,10
16,2,58,5
13,0,84,7
17,1,22,8
21,1,2,7
13,4,24,6
21,3,3,3
22,2,25,9
13,5,3,4
21,0,53,9
14,0,82,9
19,0,26,10
9,5,34,8
18,0,81,1
16,2,32,9
11,6,65,1
14,6,66,3
21,5,71,8
11,0,0,3
17,3,79,4
15,1,48,3
14,0,7,8
18,4,80,1
13,0,11,4
18,3,4,3
19,4,30,2
15,2,54,2
19,2,15,6
13,3,14,1
18,0,38,3
14,1,53,10
12,0,32,9
15,1,30,7
9,5,29,4
18,2,12,9
19,0,62,1
20,0,23,6
18,4,48,8
22,5,64,1
9,5,30,2
11,1,69,8
18,0,60,4
10,6,3,4
11,1,70,4
21,2,69,2
20,0,0,3
12,5,15,7
15,5,20,4
20,6,82,9
16,1,62,2
9,4,68,5
18,0,3,6
10,4,87,5
20,5,56,5
11,2,55,8
21,5,43,6
20,6,32,8
13,1,17,1
22,3,65,9
16,2,12,1
11,4,75,8
22,3,65,6
10,0,73,1
11,4,30,7
17,5,70,1
10,3,16,4
13,2,68,1
9,6,45,2
10,2,67,8
17,5,28,6
12,1,87,3
12,3,9,3
18,4,71,6
22,3,48,1
15,0,10,1
17,5,89,9
17,0,49,7
20,5,7,6
21,4,50,1
12,2,14,10
19,2,20,1
19,6,18,9
16,2,17,3
16,1,21,6
20,1,62,6
11,6,8,6
15,0,31,6
11,1,20,3
19,2,48,7
21,0,23,6
16,3,76,4
18,4,5,4
9,5,28,5
12,3,77,9
12,3,83,9
16,2,82,4
22,0,53,5
19,6,64,4
14,2,22,6
16,0,11,3
20,3,38,7
14,1,46,8
10,0,49,5
18,5,53,7
10,3,44,1
10,0,9,4
21,3,56,8
21,6,73,6
14,4,73,9
22,0,52,6
12,4,35,6
13,0,11,1
17,1,74,4
10,6,0,5
9,5,73,5
11,3,41,2
13,6,72,7
19,1,25,7
20,2,31,2
12,1,68,4
11,3,55,9
15,6,25,3
21,2,40,5
14,4,27,7
13,5,72,10
16,6,22,10
11,4,42,1
13,2,58,5
11,4,6,10
17,5,6,2
20,5,22,9
10,5,73,2
22,3,49,7
15,0,31,7
12,5,85,4
14,5,50,2
18,2,70,6
18,1,2,4
12,1,12,6
19,2,27,7
21,6,61,8
12,0,36,5
18,4,22,1
17,3,54,8
17,3,81,3
9,2,75,1
22,5,16,2
17,1,75,1
22,6,17,9
13,6,7,1
19,1,15,9
15,3,26,6
22,4,69,9
12,6,26,9
16,3,13,3
20,0,79,10
15,5,5,3
9,5,69,10
14,4,87,9
17,0,59,6
11,6,86,6
18,1,22,3
9,0,40,6
10,4,83,5
19,5,88,4
21,4,20,2
20,5,66,7
15,0,78,10
9,5,5,3
16,4,23,3
12,6,74,3
10,4,13,2
20,0,80,6
16,6,86,5
10,6,52,8
17,6,76,2
22,5,61,4
9,6,26,1
16,2,75,3
12,1,81,1
19,6,51,2
22,4,64,9
17,5,72,10
9,0,9,7
15,3,24,5
15,1,9,6
9,2,17,4
16,4,40,9
13,0,23,4
22,2,72,3
15,1,8,4
22,4,82,4
13,4,10,4
15,0,76,6
9,4,49,2
12,6,17,3
10,4,13,9
13,4,38,1
15,4,51,8
19,1,33,1
13,5,12,1
9,1,1,8
16,5,32,6
22,3,32,2
15,1,66,3
16,1,28,4
13,5,12,4
15,0,44,8
18,6,23,6
14,1,41,7
17,5,61,4
22,1,25,8
16,5,47,6
9,5,13,7
11,1,45,2
9,5,10,7
21,6,49,8
20,6,50,6
14,6,64,1
12,0,58,9
21,1,44,8
17,0,38,2
11,6,37,9
17,4,80,1
22,4,89,1
18,2,20,7
21,2,68,8
21,0,58,1
11,1,42,1
16,1,63,4
19,6,10,7
18,1,87,4
17,6,87,2
17,6,68,9
12,5,60,7
17,0,27,2
14,5,65,8
11,2,80,2
16,6,56,5
13,6,1,10
10,0,60,7
9,5,21,3
12,1,38,5
13,6,49,6
12,1,16,10
22,2,16,3
22,4,73,2
16,3,16,7
19,2,28,7
22,4,0,8
16,3,17,2
9,5,42,10
21,3,14,9
10,1,37,7
9,6,55,3
10,0,82,2
12,1,88,1
18,5,17,5
12,3,37,9
21,4,86,6
11,3,46,7
20,5,4,10
21,0,64,1
9,5,73,9
16,1,64,1
15,0,30,9
16,4,88,7
18,3,62,6
16,0,17,3
22,2,69,5
9,4,20,10
17,3,3,3
22,1,63,9
12,0,60,2
11,2,12,2
15,4,78,2
14,4,5,9
12,3,81,7
14,2,74,3
15,5,60,2
14,0,24,10
17,0,47,1
12,4,7,6
13,6,49,8
15,5,37,1
18,2,10,5
15,5,81,9
15,2,40,6
15,4,69,1
20,1,20,9
16,1,71,6
12,2,88,6
17,4,53,1
13,4,6,8
11,2,29,5
22,6,57,5
15,0,63,4
9,2,79,1
15,2,48,2
16,0,33,5
21,4,42,5
17,0,2,5
18,0,47,5
12,0,32,3
15,2,26,2
15,2,47,8
20,6,16,9
22,4,64,4
19,5,1,6
21,1,43,4
18,4,83,4
18,3,18,6
20,4,30,2
9,0,3,6
19,2,59,8
14,3,61,3
10,2,5,5
11,1,74,7
11,4,0,7
21,0,63,10
13,3,53,2
22,0,7,6
13,6,54,10
12,1,0,3
16,1,52,4
20,4,30,6
21,3,5,5
17,3,68,4
16,1,86,1
17,4,36,6
16,1,60,2
15,4,64,9
13,3,23,3
18,3,36,3
13,3,18,1
18,5,73,7
16,0,76,2
19,5,16,7
16,6,12,5
22,2,25,1
11,4,42,1
22,0,45,10
15,6,32,10
14,5,44,7
20,3,65,5
11,4,32,10
14,6,0,8
13,4,84,1
16,5,78,7
17,4,57,5
22,3,88,2
20,0,52,2
16,1,37,5
14,4,84,1
21,3,42,8
19,0,27,3
9,2,82,1
13,3,78,2
22,5,36,4
22,0,19,6
21,4,55,4
19,4,27,8
16,4,40,1
19,2,17,9
13,5,12,9
9,1,27,5
20,0,23,8
20,0,37,8
15,5,45,1
11,3,88,5
14,2,39,2
15,6,42,6
21,2,51,8
13,1,52,1
9,0,23,10
9,1,60,4
18,5,2,3
22,3,54,5
10,0,53,2
16,2,62,6
13,6,22,5
20,5,12,8
13,5,68,6
21,0,62,10
15,0,6,7
15,6,5,9
14,1,12,7
10,0,82,5
10,1,4,10
10,5,82,5
12,5,12,7
9,1,65,5
15,6,11,9
16,5,0,1
9,3,45,10
13,6,2,1
18,4,80,9
17,5,31,4
12,4,21,9
21,0,43,3
12,5,71,8
20,2,18,10
21,3,34,10
11,3,75,3
15,5,60,4
11,0,85,6
10,2,19,8
16,4,55,6
10,2,49,7
14,2,84,2
19,3,79,4
10,0,52,10
15,2,75,9
11,3,74,10
16,5,72,1
18,5,76,8
19,5,15,10
19,3,15,4
15,4,15,3
14,5,67,1
10,2,25,7
14,5,8,1
12,5,18,1
13,1,72,1
20,2,9,9
20,5,5,6
18,4,39,7
11,4,69,3
18,6,13,7
16,5,30,4
17,0,23,9
9,4,3,2
18,4,61,2
15,2,29,4
9,4,52,6
17,5,82,3
21,0,27,9
16,2,1,3
20,3,78,7
16,2,64,8
17,2,35,7
12,0,77,5
22,0,23,5
9,6,65,2
19,4,21,6
22,0,31,9
14,0,30,6
11,3,49,4
13,4,78,2
21,0,29,6
12,3,40,4
12,3,71,8
20,0,38,3
14,3,61,8
17,1,5,1
13,0,49,1
17,2,69,5
14,4,79,1
9,2,65,3
14,0,57,10
14,4,17,10
15,3,82,5
22,0,8,5
12,5,62,4
14,5,39,8
19,5,41,4
11,0,55,4
22,2,2,7
18,2,18,4
11,3,47,2
22,0,35,8
13,1,33,4
15,6,4,4
12,0,69,2
20,1,6,2
10,6,80,1
22,6,77,2
22,2,46,6
20,5,62,9
20,2,13,7
19,2,17,10
14,6,34,10
21,0,29,9
19,5,28,10
22,0,45,3
16,0,72,2
9,1,2,7
17,4,78,6
20,1,51,3
12,5,87,6
22,6,70,3
19,4,69,4
22,2,25,9
16,5,7,10
11,1,88,4
15,3,33,3
21,4,67,1
13,1,81,3
10,6,64,10
19,5,6,1
15,5,52,9
13,1,51,9
17,6,21,3
19,0,72,1
10,5,85,5
15,6,48,3
17,5,6,3
15,2,7,4
13,3,42,3
9,3,45,10
13,5,9,3
12,1,86,2
11,0,71,7
21,2,0,1
22,6,51,1
13,4,56,4
14,4,64,1
18,6,82,3
9,0,54,4
19,0,71,7
18,6,27,9
9,5,49,2
12,5,61,7
15,5,51,3
18,0,40,4
13,0,0,5
21,3,12,10
18,5,12,3
15,6,66,5
13,4,83,8
14,0,75,4
17,3,30,4
10,5,22,8
19,5,72,1
14,5,68,2
14,4,63,2
11,6,58,4
21,6,52,7
20,5,87,7
17,4,84,4
22,6,51,4
20,0,37,5
15,2,60,1
19,2,16,9
9,1,3,10
13,1,85,10
17,4,36,9
16,0,18,1
9,1,47,8
10,2,44,7
22,0,75,3
16,3,70,2
22,4,15,3
22,1,59,5
12,6,82,3
9,2,8,2
19,5,6,7
15,5,34,2
22,0,57,9
16,4,57,10
15,1,81,6
19,0,59,7
21,5,78,6
17,0,5,9
12,2,60,3
16,3,57,6
12,0,31,10
9,6,12,1
16,4,44,6
17,2,44,4
10,1,69,4
20,5,33,2
12,1,15,7
18,4,25,9
17,3,32,6
12,5,59,8
20,0,11,10
22,3,79,2
12,0,53,2
15,6,78,4
12,5,80,4
22,3,14,2
21,0,29,3
17,2,62,8
18,4,57,9
14,1,8,8
16,6,64,6
21,6,53,2
13,4,52,3
14,4,67,1
22,1,72,4
15,2,50,9
15,5,43,5
11,6,55,8
15,2,4,5
13,1,63,10
17,6,57,8
16,3,25,1
11,4,16,9
19,2,74,5
9,0,78,3
19,5,50,2
19,2,55,8
13,4,10,9
18,3,87,7
10,3,82,6
16,5,24,3
11,5,35,7
16,4,87,8
10,0,58,9
19,2,80,4
11,5,74,3
21,2,29,8
10,2,68,6
17,6,77,6
22,2,21,9
19,1,88,1
21,4,11,1
16,5,40,10
9,6,62,7
10,1,15,6
15,0,13,6
13,3,47,6
20,6,12,3
13,2,7,4
12,1,35,9
10,2,22,8
11,1,49,3
20,0,59,2
11,2,16,9
18,6,83,4
21,5,8,4
18,4,75,5
16,5,81,6
12,5,41,2
20,2,54,1
22,2,52,4
20,4,49,3
19,6,59,3
18,3,57,5
13,4,63,4
20,4,14,5
22,4,47,6
22,4,2,2
10,6,6,2
16,3,3,7
11,1,13,5
17,4,26,5
14,1,63,7
17,0,9,4
12,5,84,1
14,5,72,6
15,6,57,5
14,1,88,5
10,2,1,7
22,1,3,6
14,4,66,10
20,2,46,4
9,5,13,3
10,1,71,4
15,2,46,2
12,0,65,4
18,3,61,9
22,3,36,9
21,0,19,8
20,0,52,3
19,6,72,7
21,0,21,6
16,6,46,2
13,4,23,7
9,6,60,8
11,1,18,1
10,6,1,4
17,1,75,4
17,1,74,5
18,0,22,8
11,3,37,10
21,1,50,7
13,0,33,3
22,0,74,9
20,0,27,9
12,2,88,2
10,1,64,9
12,3,66,10
12,2,71,2
10,0,13,10
15,3,73,9
9,1,40,3
21,4,75,10
20,6,56,1
19,5,26,10
11,6,81,10
13,2,80,9
9,6,64,9
12,3,9,8
19,0,80,1
11,6,85,3
18,5,40,5
10,0,19,2
17,6,0,10
13,5,57,4
9,3,79,7
14,5,33,9
18,0,3,5
13,0,18,6
10,5,47,9
12,3,85,3
20,6,65,1
20,1,3,10
21,2,36,3
16,4,24,8
11,2,75,10
11,2,44,7
22,2,6,10
15,6,12,1
16,4,84,5
14,6,14,10
14,0,80,9
20,6,51,9
17,0,10,8
13,2,66,6
17,5,58,9
22,6,28,3
13,2,40,7
11,6,58,6
10,6,71,10
18,0,9,10
15,6,44,5
12,1,8,4
19,1,43,3
9,1,48,8
10,5,28,7
14,3,17,5
19,5,88,2
17,6,37,2
13,0,65,3
12,0,86,7
22,4,33,8
22,1,67,10
11,1,13,2
12,6,89,1
18,4,22,5
10,5,45,8
20,2,49,2
16,5,36,1
9,5,50,8
9,6,42,3
14,1,20,3
20,5,69,6
15,5,73,3
13,5,39,9
22,2,49,6
17,1,69,6
16,3,88,10
18,5,0,4
20,1,42,3
9,6,77,4
13,4,46,5
17,4,75,10
15,5,3,9
12,3,68,5
9,0,37,5
9,3,78,2
10,2,59,4
13,6,47,8
16,5,25,6
16,1,75,4
15,5,39,3
19,6,64,7
15,6,29,1
12,5,59,9
20,2,86,10
19,4,74,6
17,0,27,10
13,1,60,2
20,5,72,10
13,0,14,2
15,2,21,4
11,4,15,2
18,1,1,5
12,3,38,5
21,4,30,6
13,6,45,4
22,0,10,10
21,3,41,2
17,6,66,7
9,6,4,2
17,1,59,3
12,4,48,8
10,5,79,8
10,0,32,8
16,3,74,5
22,2,67,4
18,0,13,1
15,6,1,8
11,2,55,3
10,4,0,2
17,5,1,1
22,0,79,7
14,6,33,5
20,2,28,8
11,0,85,6
18,0,38,5
11,0,40,6
13,4,60,1
11,3,41,2
20,2,55,9
22,4,82,4
19,6,71,9
12,3,70,3
18,2,70,1
16,4,73,8
10,0,30,10
9,6,25,1
17,1,81,9
21,5,34,5
11,2,87,5
11,0,29,8
22,2,68,7
14,5,8,4
13,0,77,4
16,3,25,6
21,0,30,9
20,5,20,4
12,5,37,10
18,2,11,5
10,6,79,7
20,3,88,6
11,5,41,10
13,3,79,8
14,5,47,5
18,5,47,9
10,6,49,6
13,6,49,4
16,2,81,1
20,2,41,1
21,5,4,3
16,5,33,6
21,0,58,6
20,3,73,8
22,5,10,9
20,3,15,10
17,3,59,9
15,5,28,2
9,1,64,1
21,0,61,1
14,6,29,3
18,1,81,2
19,2,89,4
20,1,85,10
16,4,5,5
10,4,6,10
18,4,63,9
14,4,62,3
18,1,76,7
19,6,12,9
12,5,7,5
11,6,25,4
21,2,65,10
22,3,32,6
13,1,48,5
10,2,3,8
9,4,28,10
21,3,80,3
11,4,22,6
12,5,85,10
18,3,61,7
15,1,16,4
16,3,69,7
15,2,85,7
12,5,70,8
19,6,8,4
9,3,64,3
18,1,27,2
11,6,45,7
16,5,3,7
19,2,56,2
10,2,53,5
18,6,17,5
11,4,85,6
14,5,88,5
9,1,35,7
22,1,18,6
16,3,20,8
10,3,26,7
20,3,30,3
18,3,82,7
9,4,50,10
12,1,1,5
21,0,80,1
20,1,39,5
21,5,1,3
19,5,21,10
15,4,35,5
18,6,53,7
16,0,59,10
10,4,85,2
12,2,20,8
16,5,7,10
21,4,61,7
17,3,71,1
14,2,44,10
17,0,73,6
21,0,80,5
13,6,88,6
17,3,74,9
16,0,56,2
9,2,10,10
19,2,32,3
16,5,8,10
16,5,46,5
20,2,1,3
14,3,55,2
11,2,53,6
17,1,50,8
12,2,63,2
19,6,73,8
12,2,67,1
22,5,0,7
12,6,82,10
13,5,87,6
17,1,36,3
15,4,80,9
10,2,53,7
16,0,38,9
20,1,54,2
14,4,36,10
18,0,47,6
17,2,73,9
16,4,9,4
19,6,33,6
10,3,31,6
9,1,5,3
15,6,68,2
18,5,51,7
13,1,47,10
9,2,17,8
14,2,72,3
17,1,63,9
17,4,86,4
11,3,74,3
14,5,40,9
16,5,23,6
12,6,81,1
13,3,15,9
11,4,52,9
13,2,40,10
19,0,80,2
9,2,29,1
15,6,40,9
16,4,55,1
20,5,58,2
17,5,48,10
15,3,57,5
13,1,80,2
11,4,80,3
9,3,59,4
10,0,9,2
20,6,25,2
12,1,68,7
10,5,27,8
18,1,9,8
15,2,55,6
12,2,77,5
19,6,25,1
13,6,46,6
12,4,60,6
14,0,48,3
10,4,63,1
22,1,8,4
11,3,74,5
13,3,80,7
22,4,77,4
11,5,17,8
16,3,15,3
22,3,60,2
20,0,12,6
9,3,33,6
18,4,30,1
17,4,5,5
19,1,12,9
11,6,63,7
21,0,9,5
20,5,41,4
16,2,85,8
13,1,31,7
9,2,84,1
13,0,29,1
15,3,83,2
10,6,14,10
18,1,64,2
10,4,1,10
14,6,25,10
11,4,19,3
16,1,44,9
12,6,0,3
13,0,50,4
21,6,35,8
16,1,45,3
22,1,6,4
19,3,26,9
17,2,15,2
13,1,31,9
9,6,0,3
16,0,79,5
14,1,48,5
10,1,10,4
14,1,37,1
18,2,76,10
13,3,46,7
14,2,89,10
17,6,87,1
10,0,71,8
21,5,9,6
10,6,59,8
18,3,2,3
11,5,80,2
16,1,6,9
22,0,53,10
13,4,81,6
18,4,35,8
9,2,68,7
9,2,69,5
14,3,29,9
9,5,78,5
10,2,65,7
21,1,9,10
10,6,35,6
11,0,50,10
11,4,16,9
18,3,62,10
9,0,28,8
21,5,68,9
18,4,48,7
19,1,45,10
20,3,42,3
15,3,59,2
13,2,63,4
18,3,35,3
10,6,57,1
21,6,27,5
16,4,87,1
14,2,57,2
12,1,20,2
22,1,17,5
14,5,7,5
15,3,5,1
21,6,61,3
11,0,16,4
21,6,40,8
16,0,32,4
20,4,86,1
16,2,17,3
11,6,28,6
19,2,79,4
18,3,84,5
12,6,75,9
13,5,53,1
17,6,83,6
14,2,61,2
16,1,40,8
20,6,71,6
11,3,52,7
20,0,52,2
9,5,8,1
16,1,61,9
19,1,22,6
17,2,36,4
16,0,60,7
14,0,11,6
19,4,52,9
17,2,25,6
22,0,81,5
20,0,12,2
15,1,48,9
16,0,70,10
15,0,27,5
11,2,23,6
16,1,51,7
10,5,76,5
20,6,75,7
17,0,20,10
21,0,4,4
12,3,46,5
20,4,50,2
17,1,38,3
21,4,54,4
12,5,47,6
14,2,40,1
12,1,5,2
12,4,64,10
13,3,44,2
13,1,27,4
10,4,65,4
16,1,39,9
11,3,28,10
22,4,3,7
22,5,86,6
14,2,52,8
12,2,23,9
19,5,17,9
18,1,77,9
13,5,78,10
15,5,11,10
14,2,83,5
11,2,72,10
18,0,13,7
15,3,82,5
17,2,64,10
11,3,17,2
18,3,17,2
11,5,46,7
13,4,66,2
20,5,9,2
22,5,55,8
16,2,51,8
9,2,13,6
17,2,86,7
17,4,21,8
15,6,40,2
11,1,88,8
21,6,8,8
15,3,79,4
14,4,22,5
9,6,64,5
19,4,0,3
22,1,84,10
9,0,88,8
20,2,14,7
16,1,50,2
9,5,43,4
11,0,32,5
13,4,23,6
19,2,67,2
21,3,26,2
14,5,29,10
9,6,49,2
10,6,83,8
20,1,0,3
9,3,19,1
21,4,57,9
12,6,80,5
22,0,31,8
9,2,14,1
18,1,20,9
15,5,50,1
22,6,64,7
12,1,88,7
18,3,87,6
10,0,36,7
21,5,13,10
10,0,19,8
15,4,17,8
17,4,11,6
20,3,30,2
9,0,14,4
15,0,76,1
19,6,89,10
19,0,17,10
14,2,25,9
15,5,60,1
17,6,86,6
21,1,38,10
20,4,86,6
15,3,15,9
15,0,64,5
21,5,49,10
17,1,89,6
17,1,78,10
12,2,15,10
18,2,76,2
11,2,36,2
13,6,83,8
22,5,65,8
13,5,75,7
15,6,60,2
16,5,38,1
14,3,13,9
11,1,4,7
18,3,68,3
16,1,59,9
13,0,60,5
11,5,60,2
18,4,60,7
19,0,12,8
16,5,8,4
10,0,54,1
12,6,34,1
20,4,66,7
9,2,35,8
14,2,24,10
19,5,79,3
15,2,83,9
18,6,68,3
19,3,79,3
9,6,76,6
9,1,2,8
19,6,72,2
17,4,23,7
17,2,30,2
21,2,32,1
11,5,87,7
19,3,74,1
15,5,17,1
18,6,68,7
21,1,48,5
11,3,69,6
21,4,73,8
22,5,59,4
21,0,41,1
16,6,36,8
18,6,21,7
14,2,68,1
15,1,30,1
21,1,87,3
20,3,52,1
20,5,30,4
10,2,84,8
20,3,65,1
18,5,74,5
14,6,18,1
10,3,44,10
10,4,32,9
17,2,51,3
19,3,89,6
18,0,66,10
19,1,12,6
14,2,26,5
14,0,25,7
11,2,1,6
16,0,53,4
12,1,51,5
10,4,18,8
11,4,10,3
19,4,9,1
9,5,79,8
10,6,28,8
21,5,82,10
22,0,40,2
9,2,66,1
16,4,64,4
9,3,58,1
13,1,38,9
22,0,77,3
9,0,5,5
13,3,57,1
9,6,12,5
18,6,74,6
15,3,1,9
10,1,7,1
17,3,62,6
11,5,30,10
12,6,12,2
20,5,7,7
13,4,69,2
20,6,31,2
16,2,20,4
17,5,67,2
16,3,82,9
22,1,8,7
11,0,23,5
19,1,7,5
9,0,88,5
18,1,76,3
12,2,49,3
15,4,67,8
19,6,13,2
12,6,30,9
15,0,16,9
13,4,55,8
18,1,14,10
21,2,58,8
18,2,55,4
20,0,13,4
15,4,47,8
18,1,6,5
15,0,89,5
12,1,82,8
19,4,88,9
19,5,3,3
15,5,81,6
10,1,52,8
21,6,19,10
17,1,41,9
11,1,76,7
21,5,64,5
9,1,67,7
18,6,88,10
16,1,67,4
9,2,80,7
9,0,55,2
13,3,48,4
11,2,84,2
20,1,58,2
21,5,19,6
10,0,55,9
9,4,48,2
11,4,16,3
10,2,5,6
17,5,41,9
19,6,64,9
11,3,31,8
9,0,85,7
10,1,24,2
21,1,61,8
22,5,32,10
20,1,40,7
13,4,50,9
14,6,47,5
15,2,18,2
21,1,84,7
10,6,88,4
17,3,65,3
17,1,87,5
21,4,38,1
22,1,62,3
17,2,66,1
21,2,88,2
11,5,82,3
9,5,19,5
13,3,43,9
11,3,89,9
15,5,67,10
11,0,18,1
13,3,54,9
21,2,54,3
13,6,20,2
10,3,40,10
18,1,59,1
13,1,48,8
17,0,64,9
14,6,38,6
11,5,49,1
16,5,83,8
17,2,3,6
15,4,71,4
10,2,41,5
17,5,29,5
17,3,38,3
17,5,56,2
10,0,30,10
11,6,56,3
9,1,45,1
21,1,76,4
14,4,38,10
15,3,52,2
13,4,85,2
15,4,11,2
18,1,3,1
17,2,51,5
18,5,14,6
22,2,43,10
12,5,23,6
16,0,85,10
14,4,68,6
18,2,72,8
14,6,22,9
20,3,89,5
12,1,13,8
22,3,45,8
22,5,69,7
21,0,16,8
11,2,43,10
13,6,80,1
11,0,57,9
16,2,26,5
14,5,42,7
22,2,3,10
19,0,81,6
16,2,64,4
21,6,19,7
21,6,20,4
17,0,4,1
17,3,42,1
19,3,88,3
18,1,59,5
22,3,80,9
9,0,51,4
22,3,63,2
13,1,72,4
17,1,81,10
12,1,33,10
22,6,86,8
18,6,44,9
19,6,73,2
14,0,44,7
10,2,40,3
12,5,68,8
10,3,56,10
16,1,0,3
11,4,78,9
15,6,8,5
21,4,24,5
11,0,53,2
9,5,7,8
11,5,52,2
11,2,76,6
10,2,15,3
19,0,81,3
19,5,79,3
9,1,25,6
18,5,5,1
22,0,15,3
20,2,52,3
10,5,86,8
19,5,51,3
11,2,45,4
18,6,44,7
19,3,3,3
18,2,27,4
11,1,77,2
20,3,76,1
15,4,9,10
15,1,81,4
17,4,0,5
12,4,42,6
22,4,27,8
18,0,55,6
19,6,73,6
12,1,76,2
11,3,88,4
12,2,27,7
16,4,60,8
21,4,19,5
22,5,30,4
18,1,79,3
20,2,76,7
10,0,51,2
19,3,78,9
13,0,29,10
15,5,30,6
15,1,51,8
9,3,78,2
17,3,77,9
19,1,0,10
14,2,48,1
21,2,60,5
9,0,62,1
14,4,73,1
10,3,89,3
19,5,79,10
15,1,54,3
13,5,87,6
20,5,10,10
16,3,86,2
19,2,19,3
16,6,22,10
18,1,77,3
14,3,38,8
10,5,76,9
22,6,84,3
16,4,19,4
9,0,18,10
9,0,87,5
11,0,18,1
18,6,3,2
17,3,36,2
20,1,34,1
20,2,31,7
17,1,6,5
9,6,88,4
14,3,65,9
21,6,20,2
10,2,40,6
11,5,30,4
19,6,60,4
11,1,20,6
20,5,39,6
22,3,11,7
15,2,30,6
13,6,61,4
10,4,85,10
18,2,23,8
13,4,82,9
17,4,71,2
15,6,11,6
12,5,74,7
20,6,33,6
20,0,78,1
22,1,24,1
15,5,42,9
22,5,88,2
10,0,77,3
21,3,32,4
18,5,58,7
13,3,69,7
20,3,43,3
22,5,82,6
19,4,72,10
21,1,40,6
9,2,19,3
15,1,17,3
12,2,77,5
20,6,61,3
17,2,1,5
19,3,9,3
9,6,32,4
10,2,80,7
12,4,24,9
12,4,45,2
13,0,2,10
13,2,49,10
22,2,15,3
21,1,64,5
15,2,17,3
21,2,82,8
17,3,50,4
14,6,52,9
11,5,0,2
14,2,41,2
20,0,40,9
17,4,71,6
13,6,9,8
12,1,10,6
17,0,30,6
10,2,72,8
18,6,72,4
21,0,57,6
9,1,41,4
18,5,64,6
14,2,40,8
20,5,58,6
17,2,42,6
10,1,73,3
18,3,76,6
12,5,15,10
19,0,59,1
20,0,5,5
11,5,1,2
10,6,29,6
15,2,13,7
14,0,59,1
21,2,65,5
18,0,75,8
19,5,49,4
17,6,86,8
9,6,18,6
16,5,68,3
10,3,26,5
20,2,31,10
15,3,21,5
9,3,57,1
15,5,38,5
19,6,26,3
9,0,39,10
15,1,11,7
13,0,38,6
11,5,51,1
13,0,89,2
21,3,53,5
19,3,88,4
11,6,51,9
10,6,58,6
12,5,14,1
19,0,60,2
17,6,69,10
16,4,88,8
22,1,66,9
16,0,79,6
20,3,68,8
10,1,42,2
16,0,30,7
13,6,26,9
15,0,57,7
18,2,30,5
20,1,12,6
11,3,45,7
14,4,33,8
21,0,50,9
12,6,64,1
21,2,47,2
10,5,70,1
20,4,32,9
20,1,10,7
20,4,51,3
13,0,42,6
19,1,70,4
11,2,11,10
10,4,14,9
13,6,22,7
16,6,73,5
19,2,76,1
15,1,85,5
13,1,79,1
12,1,4,7
17,4,88,2
9,5,77,2
14,5,6,7
17,6,48,6
13,6,58,10
14,1,84,2
17,1,40,8
15,6,47,6
22,0,48,8
18,1,8,3
20,4,57,3
13,2,55,1
10,1,34,2
11,4,81,4
14,1,57,5
22,1,72,2
11,2,73,9
22,6,74,2
14,4,46,3
14,5,20,6
13,4,56,9
9,4,35,6
18,1,3,3
20,1,16,9
20,1,7,10
19,1,75,3
20,6,69,9
18,2,76,5
15,6,24,7
14,6,2,7
13,0,50,7
12,2,24,8
19,6,7,1
14,0,36,1
19,0,66,5
15,1,7,10
16,2,43,4
16,4,9,1
11,0,40,8
14,1,67,7
22,1,50,8
20,0,62,6
19,6,41,4
13,3,13,3
17,6,70,6
18,1,9,9
22,2,89,10
9,3,43,5
13,0,38,6
12,2,39,1
10,1,9,4
12,5,36,1
10,3,49,2
20,3,25,10
21,5,45,1
21,1,75,8
9,4,78,6
10,4,55,2
22,2,74,7
19,1,23,10
15,6,26,3
9,5,43,8
14,3,12,10
18,3,27,10
17,5,44,8
16,6,23,5
17,5,78,6
12,4,74,8
11,5,51,2
16,3,80,4
18,6,80,3
15,4,28,7
9,1,89,6
15,2,10,8
22,6,25,10
9,6,36,1
19,0,65,8
13,6,66,10
18,3,54,2
22,5,53,5
17,6,27,3
12,6,68,10
12,2,34,3
13,5,71,7
20,2,42,10
17,2,14,10
20,0,25,3
17,6,29,1
19,4,2,2
19,5,50,8
21,4,15,10
21,5,1,2
18,3,83,8
20,3,56,2
14,1,84,10
9,2,46,3
10,5,23,7
9,3,41,10
11,5,31,5
10,6,79,7
11,0,39,1
13,2,85,4
11,3,45,6
21,0,42,2
12,6,49,4
12,0,42,7
9,3,0,1
9,4,37,10
22,5,26,9
15,6,84,7
17,0,36,2
19,6,56,1
11,6,9,6
20,6,60,7
10,0,82,9
21,6,35,4
9,0,67,6
17,4,56,10
20,4,38,2
16,3,67,2
16,1,1,7
18,2,74,7
9,5,86,2
17,6,86,6
9,6,11,7
18,3,35,2
21,3,22,3
20,4,59,1
19,1,89,1
18,2,16,4
22,2,23,7
12,6,7,4
21,0,17,1
16,3,9,6
19,6,44,4
9,6,88,6
22,3,52,10
18,4,60,2
20,2,50,8
14,1,31,8
13,0,15,6
9,3,69,3
11,3,44,2
22,3,52,1
21,4,30,9
16,4,10,5
19,1,67,7
16,2,63,1
21,1,31,10
18,0,37,3
15,0,58,4
18,1,80,3
10,0,78,6
12,5,67,7
18,2,7,5
11,0,77,1
21,2,70,4
16,2,49,3
21,6,17,9
17,5,24,10
10,6,21,1
21,6,9,6
22,5,65,1
9,0,8,3
21,3,89,6
12,4,77,1
11,1,78,7
19,4,25,1
20,1,66,2
22,4,9,6
18,3,45,3
20,3,60,5
12,3,73,1
14,4,36,3
20,1,23,10
18,6,42,1
16,6,23,1
21,1,88,8
16,1,65,2
9,3,34,2
12,4,34,2
11,6,62,8
12,4,38,4
13,2,73,8
19,0,20,6
11,5,36,3
14,6,3,5
12,2,74,10
18,2,28,10
16,2,89,7
19,4,16,1
11,3,58,6
22,0,69,2
14,4,7,8
18,0,66,4
22,2,28,1
21,0,33,6
13,1,86,9
13,0,15,7
10,0,63,10
13,1,48,5
15,1,48,10
9,2,37,8
21,2,41,4
17,3,52,4
17,3,65,7
19,0,53,4
16,3,86,3
12,2,5,5
18,6,72,7
10,6,48,5
11,5,43,4
16,2,68,5
17,4,17,10
9,0,49,9
10,6,12,9
10,1,46,9
19,2,35,9
9,6,21,6
18,1,50,7
13,6,26,6
20,0,44,5
11,5,59,7
16,3,20,4
18,1,77,2
16,0,76,7
9,2,16,8
22,6,60,10
11,4,65,8
11,3,76,1
13,2,13,9
16,5,27,5
17,2,34,2
16,0,20,10
20,4,47,8
22,5,3,6
22,3,73,1
13,0,20,4
21,3,70,5
22,0,8,4
14,3,3,9
22,3,77,1
16,2,77,7
12,1,13,4
20,3,88,1
18,2,24,4
19,0,84,4
11,4,41,9
9,4,72,9
12,0,23,7
14,4,89,4
16,0,63,10
10,3,72,3
17,4,50,10
18,4,5,4
21,5,18,6
10,3,47,8
11,3,13,9
18,4,1,9
20,3,63,8
22,5,85,2
15,3,41,6
11,3,53,10
13,4,80,6
12,6,35,6
13,4,51,9
20,0,45,2
18,2,51,6
15,5,48,4
19,5,54,8
22,4,57,4
17,5,78,7
20,0,89,3
17,1,34,6
9,1,23,9
17,4,71,6
21,3,22,4
14,2,55,3
22,4,22,5
10,5,20,2
22,5,70,6
22,5,64,7
20,4,35,10
9,6,83,2
9,4,58,7
15,0,20,5
9,2,25,9
9,0,34,5
12,0,46,5
17,5,9,4
22,5,5,8
14,4,73,6
9,2,61,5
15,6,37,1
20,6,73,6
9,0,15,2
20,5,82,6
13,3,5,10
21,1,70,3
15,2,69,5
9,5,0,2
20,1,3,10
20,2,31,7
18,5,20,8
13,6,29,4
22,6,55,4
11,6,16,1
9,3,23,6
19,1,27,6
17,0,11,4
15,3,42,8
16,2,26,4
12,6,82,6
12,4,14,7
13,4,69,3
17,6,36,6
20,6,72,2
15,0,88,6
11,1,34,10
19,6,11,3
9,1,42,10
16,6,14,9
11,3,72,10
20,0,75,5
14,2,9,5
21,2,32,1
10,1,45,1
12,5,54,1
12,2,18,6
13,1,36,7
14,5,26,3
9,0,13,5
18,1,2,6
17,4,31,8
21,4,44,1
17,2,63,7
11,6,83,1
18,4,58,3
10,0,12,1
9,0,9,8
18,3,56,6
12,3,30,4
11,1,15,3
22,3,71,10
21,3,80,4
13,3,47,8
17,6,1,8
14,3,32,2
20,5,11,2
11,4,32,8
20,6,26,10
12,0,53,2
19,1,40,2
17,0,7,8
14,4,22,7
10,1,69,6
11,4,7,4
16,2,9,9
9,0,6,1
21,4,82,2
17,6,25,7
9,3,66,3
12,3,36,2
13,0,25,10
14,0,88,3
13,4,15,1
17,6,52,5
20,4,37,1
10,2,32,4
9,0,73,1
14,2,78,1
15,1,19,2
20,6,83,3
17,2,37,8
13,6,16,1
22,4,3,9
22,2,74,6
9,5,56,6
12,6,8,4
21,0,0,1
9,6,3,8
11,4,87,10
20,3,0,5
10,2,37,10
12,6,56,6
11,0,0,9
9,3,4,9
10,4,5,3
12,5,4,2
16,0,13,1
9,3,23,2
17,4,85,7
16,5,32,4
21,0,60,1
12,5,40,4
12,3,44,7
19,4,86,7
16,6,50,7
14,4,19,2
17,0,63,6
16,0,65,3
19,6,70,2
17,4,6,1
19,5,29,7
22,5,20,4
13,2,66,10
10,2,6,10
17,0,44,6
16,5,9,10
18,6,43,7
19,6,24,7
22,4,33,9
17,2,26,8
14,5,71,8
13,0,84,1
13,5,28,5
16,6,88,4
15,0,88,9
20,5,49,6
11,1,25,10
17,4,43,7
19,6,5,2
10,5,55,7
21,6,74,8
17,4,56,3
19,2,62,4
17,1,6,2
11,1,86,10
15,6,25,5
9,3,18,2
10,3,12,9
21,0,11,4
22,5,17,7
14,5,58,8
21,0,33,3
21,0,43,5
10,3,68,8
12,3,72,1
13,2,84,5
18,2,37,4
17,6,83,4
19,0,11,5
12,3,57,10
16,6,83,6
12,4,57,7
20,5,34,7
9,5,77,7
13,2,65,4
13,4,19,10
19,6,4,6
12,1,13,8
15,6,32,1
9,1,55,7
12,4,81,5
10,4,79,6
18,5,32,1
15,2,28,10
22,3,66,3
16,1,45,10
10,4,20,5
14,1,28,2
17,3,85,1
20,0,1,4
19,6,47,1
16,6,69,6
13,3,74,8
20,6,13,6
15,2,55,10
15,6,43,3
19,5,18,7
21,4,0,10
13,1,38,8
18,6,46,2
11,3,16,1
12,5,28,8
16,2,69,4
15,6,83,10
15,4,89,7
14,2,55,3
14,0,48,2
10,1,44,3
11,0,46,3
9,6,7,6
13,4,7,1
20,1,81,3
9,5,30,8
15,4,3,1
13,5,22,5
19,2,59,8
14,4,39,5
18,0,81,1
17,4,84,1
19,5,69,7
9,1,76,5
17,4,14,1
21,0,51,9
20,6,25,7
22,6,35,1
16,6,77,4
19,0,33,2
13,6,7,10
17,0,62,1
12,1,23,9
17,0,71,10
22,6,73,5
9,2,89,10
19,3,30,10
19,0,10,10
11,5,64,1
12,2,77,3
11,2,50,3
20,1,47,2
19,6,33,3
14,1,58,5
9,0,74,2
12,4,1,7
21,4,8,10
19,2,52,7
9,1,80,6
20,3,32,3
12,2,56,2
9,2,35,9
13,4,6,2
18,1,1,10
16,3,58,6
15,2,62,6
10,1,28,3
16,0,36,1
10,5,41,2
15,1,34,4
22,5,6,10
13,3,17,1
12,4,50,5
19,2,7,7
18,3,56,5
14,5,8,2
10,4,59,7
12,6,14,7
11,0,60,8
14,3,27,8
12,6,19,9
20,1,61,3
18,1,34,7
11,4,4,7
21,5,86,6
15,0,47,5
16,5,36,9
14,1,49,3
16,1,39,8
11,1,81,7
19,3,60,5
17,1,17,3
10,2,7,1
14,3,26,7
13,5,48,4
22,5,19,6
14,1,49,2
18,1,59,3
20,2,36,5
9,5,86,8
21,5,15,2
10,2,62,3
19,0,57,1
11,1,8,5
15,1,60,1
21,5,46,2
17,2,15,4
13,5,61,5
18,2,17,4
15,2,89,8
9,6,84,9
16,2,77,4
17,2,12,9
14,4,87,3
15,6,62,3
15,3,8,10
13,0,48,6
18,2,23,8
9,1,68,3
9,6,38,9
10,6,66,6
13,3,77,9
17,0,36,10
19,0,5,3
17,4,6,8
21,2,57,2
10,3,8,4
15,5,84,9
15,6,37,9
19,5,35,7
18,4,45,3
15,1,35,6
18,1,75,2
19,0,80,9
15,2,55,9
20,1,74,10
9,1,83,7
10,2,23,1
13,4,19,10
16,1,15,5
18,3,4,7
13,1,80,4
22,3,40,6
22,1,69,8
12,2,9,9
20,0,81,6
17,5,47,10
19,1,0,1
9,2,43,6
20,6,15,3
15,6,45,6
16,0,52,8
18,2,46,8
10,5,50,10
18,4,23,5
9,0,51,2
19,2,85,2
12,4,22,10
18,6,21,8
9,0,50,2
16,4,10,1
19,1,60,2
9,1,21,5
15,3,9,6
21,3,82,7
10,5,65,7
20,1,67,8
13,0,75,3
15,2,30,5
22,0,29,8
14,1,46,3
22,1,66,7
12,4,35,10
9,2,84,6
9,2,85,4
19,2,65,8
10,4,15,10
20,6,8,3
11,5,50,9
15,2,77,9
9,6,63,5
10,2,22,10
12,6,68,7
16,1,20,2
14,6,8,8
11,1,60,4
22,5,68,3
18,5,51,4
14,5,83,2
20,3,45,10
22,5,51,9
12,2,9,6
9,1,38,1
21,2,15,3
18,1,29,1
15,4,46,7
14,1,49,8
19,4,44,7
22,4,24,9
12,1,1,7
17,3,19,3
21,2,29,6
20,3,15,9
18,3,48,10
10,6,37,5
22,4,19,10
9,0,40,1
21,5,51,7
19,4,84,3
19,3,10,4
15,6,2,9
22,1,83,3
17,2,11,4
12,0,0,4
12,4,56,4
18,0,66,2
20,0,65,3
10,0,70,8
13,6,59,7
14,4,29,8
9,1,73,3
11,6,56,8
17,3,48,10
9,1,37,8
12,0,74,10
13,4,62,8
15,0,37,9
17,5,66,7
20,4,56,7
19,5,78,8
11,0,32,10
18,0,3,3
21,2,68,6
16,6,77,8
21,5,19,3
14,0,29,5
22,1,37,3
16,6,8,4
16,2,54,7
18,5,7,8
17,4,74,8
18,4,37,3
22,0,9,6
15,3,56,8
21,6,57,8
18,6,75,10
13,3,13,10
12,2,7,4
10,5,24,7
14,5,70,7
21,0,78,5
10,3,3,5
10,0,35,10
21,4,8,4
13,1,38,8
10,0,73,5
20,6,12,2
12,3,86,10
15,4,53,10
16,6,60,10
9,2,58,2
14,5,77,7
21,6,27,10
12,0,80,5
13,6,69,1
11,6,1,4
12,3,7,7
12,2,32,10
19,2,59,10
15,4,73,5
11,3,41,10
15,1,26,4
18,3,7,4
20,6,50,4
9,4,69,2
13,0,58,9
12,2,7,9
11,6,24,8
15,5,69,1
19,6,3,3
20,6,81,1
14,5,32,9
10,4,52,3
13,5,38,5
10,5,73,1
15,3,88,9
9,3,31,1
18,4,85,10
22,2,31,6
22,6,73,10
15,0,88,1
22,0,73,3
22,5,48,7
15,4,57,3
18,4,86,8
21,3,13,10
22,5,33,6
17,5,15,7
20,6,31,10
13,4,82,8
10,0,10,2
15,3,2,9
13,0,15,8
20,2,53,2
19,0,38,9
17,1,56,10
18,6,50,10
17,3,12,10
11,2,86,10
10,1,71,4
17,5,15,10
16,3,74,10
12,0,49,2
19,6,86,10
18,2,18,2
10,6,69,3
13,2,51,9
15,4,23,3
17,5,2,10
18,4,36,9
12,1,33,2
12,0,63,8
12,1,16,2
12,0,83,6
9,5,26,9
19,4,53,1
20,2,11,6
19,0,37,9
10,0,37,1
19,3,52,5
19,3,69,1
21,5,56,6
12,5,32,3
22,5,19,5
12,0,16,7
17,3,79,10
9,6,67,9
14,2,65,3
18,0,28,10
16,5,76,4
12,0,83,8
10,3,36,5
18,4,11,9
17,2,79,1
12,5,68,7
11,0,70,9
18,3,59,4
19,1,60,3
17,3,6,9
17,2,40,5
10,0,69,2
21,3,54,1
12,0,25,3
17,0,89,9
16,4,71,9
15,2,84,6
20,2,23,3
16,2,72,5
16,0,60,6
21,2,26,6
10,5,77,9
18,0,82,2
19,6,68,7
22,2,33,6
20,0,51,5
18,2,24,3
21,6,3,6
14,4,75,8
10,0,74,10
22,1,75,4
12,5,81,9
21,2,16,6
11,3,23,4
11,0,72,8
18,4,63,3
9,4,32,5
11,2,42,2
20,4,78,9
13,1,82,8
15,3,52,5
9,5,51,9
9,0,17,7
14,2,32,10
13,5,80,10
19,5,27,3
14,4,4,10
14,4,63,6
21,4,76,7
14,2,80,6
15,6,41,10
13,6,15,9
17,3,1,5
21,6,75,4
9,4,25,9
15,1,25,5
13,6,88,9
19,1,75,8
15,1,87,10
19,4,0,6
21,3,71,10
17,3,13,6
11,4,10,3
14,0,85,5
13,4,61,6
22,3,21,5
13,1,39,7
18,2,40,7
9,6,75,10
20,4,43,8
14,5,17,10
16,6,32,8
16,1,49,7
18,6,16,10
21,4,28,3
22,3,64,3
14,4,1,8
14,2,47,3
11,4,45,9
19,1,56,2
16,1,21,3
22,5,55,8
18,1,87,7
10,5,7,7
17,1,10,4
10,1,46,5
10,2,74,10
10,1,7,8
16,5,25,7
22,0,86,3
15,5,87,2
16,3,73,8
18,4,6,1
13,0,24,8
10,3,52,1
21,1,19,3
19,4,55,6
20,5,50,9
11,5,45,2
15,4,71,2
16,2,31,3
10,2,84,10
16,5,7,9
15,6,29,2
11,3,14,6
21,2,8,5
14,1,71,2
20,6,66,1
12,5,7,2
15,0,17,3
20,2,19,7
17,1,40,9
17,1,15,1
20,0,84,2
16,6,60,9
21,5,79,5
22,3,77,5
21,3,55,2
22,3,35,9
11,4,48,9
15,1,50,2
17,5,42,1
14,4,73,3
22,6,15,6
15,3,35,1
19,4,82,10
12,5,78,8
12,0,66,3
19,6,19,7
21,4,7,6
15,3,16,5
11,5,83,1
20,5,31,3
16,1,25,6
10,5,7,9
21,0,88,4
16,4,68,10
17,3,48,10
13,1,81,1
19,2,50,6
16,3,37,9
9,5,27,4
11,0,41,5
9,3,84,10
14,0,65,9
10,6,13,1
16,2,53,9
16,3,45,2
20,0,40,1
14,4,58,10
15,6,87,9
19,3,51,4
17,0,35,9
19,6,42,5
22,3,25,8
10,4,5,9
17,3,15,3
13,1,60,6
17,1,13,10
13,3,15,3
17,1,10,3
18,2,53,1
13,5,28,6
10,5,66,7
20,3,75,3
12,5,62,9
22,2,43,9
20,5,5,8
18,3,75,8
22,6,79,4
12,1,66,2
16,0,52,5
10,0,62,3
19,4,39,3
21,5,50,7
18,1,78,8
13,5,76,9
22,5,40,1
18,2,34,7
15,0,43,4
17,3,25,2
18,0,71,8
17,2,46,8
22,3,17,10
14,5,11,2
19,2,42,3
13,2,43,9
16,3,6,1
15,5,51,6
11,6,85,8
22,2,26,1
19,6,40,3
21,2,12,1
16,0,41,6
10,6,14,10
17,0,5,2
16,3,38,2
13,5,45,9
17,0,1,4
16,6,5,8
12,0,11,3
19,0,53,2
17,2,76,5
15,4,62,9
11,6,4,9
12,5,56,10
14,5,72,2
9,2,65,3
12,2,24,4
16,0,45,10
18,1,14,1
20,4,17,4
13,5,53,5
9,3,86,3
17,3,81,1
12,4,19,7
17,4,15,8
10,6,1,6
19,3,81,4
20,3,18,7
17,0,3,2
14,4,45,5
11,4,31,2
18,3,42,4
19,3,44,6
12,3,45,2
18,3,18,2
16,2,6,8
18,4,11,1
15,3,61,7
12,2,64,2
17,4,35,10
10,0,45,1
16,5,6,6
12,5,18,7
21,6,73,3
15,1,47,1
18,0,16,9
15,2,43,3
14,2,47,5
21,5,20,6
17,0,24,4
11,1,81,2
16,4,37,3
18,6,22,4
13,6,10,3
19,3,65,4
19,2,70,5
16,2,54,9
11,6,59,9
21,1,62,6
17,4,82,6
21,1,78,6
9,1,5,7
19,3,1,9
19,0,43,3
16,0,52,7
11,4,30,4
21,5,57,3
20,6,58,1
10,0,81,9
13,2,18,3
17,6,51,9
10,1,1,3
22,4,44,1
21,3,23,10
15,2,16,5
10,5,39,7
10,2,84,10
10,2,81,5
11,0,35,2
10,0,38,8
18,6,70,10
14,0,21,6
22,3,9,7
17,0,66,6
11,5,60,7
12,3,23,2
11,6,87,8
11,4,59,9
10,4,75,8
10,6,41,4
12,5,61,7
